PassengerId,Pclass,Age,Fare,FamilySize,IsAlone,Age*Class,FarePerPerson,Sex_male,Embarked_Q,Embarked_S,Title_Miss,Title_Mr,Title_Mrs,Title_Rare,Deck_B,Deck_C,Deck_D,Deck_E,Deck_F,Deck_G,Deck_T,Deck_U,FareBin_Low,FareBin_High,FareBin_Very_High,AgeBin_Teenager,AgeBin_Adult,AgeBin_Middle_Age,AgeBin_Senior,Survived
1,3,22.0,7.25,2,0,66.0,3.624998187500906,1,0,1,0,1,0,0,0,0,0,0,0,0,0,1,0,0,0,0,1,0,0,0
2,1,38.0,71.2833,2,0,38.0,35.64163217918391,0,0,0,0,0,1,0,0,1,0,0,0,0,0,0,0,0,1,0,1,0,0,1
3,3,26.0,7.925,1,1,78.0,7.924992075007926,0,0,1,1,0,0,0,0,0,0,0,0,0,0,1,1,0,0,0,1,0,0,1
4,1,35.0,53.1,2,0,35.0,26.549986725006637,0,0,1,0,0,1,0,0,1,0,0,0,0,0,0,0,0,1,0,1,0,0,1
5,3,35.0,8.05,1,1,105.0,8.049991950008051,1,0,1,0,1,0,0,0,0,0,0,0,0,0,1,1,0,0,0,1,0,0,0
6,3,29.851019841269846,8.4583,1,1,89.55305952380954,8.458291541708459,1,1,0,0,1,0,0,0,0,0,0,0,0,0,1,1,0,0,0,1,0,0,0
7,1,54.0,51.8625,1,1,54.0,51.862448137551866,1,0,1,0,1,0,0,0,0,0,1,0,0,0,0,0,0,1,0,0,1,0,0
8,3,2.0,21.075,5,0,6.0,4.214999157000168,1,0,1,0,0,0,0,0,0,0,0,0,0,0,1,0,1,0,0,0,0,0,0
9,3,27.0,11.1333,3,0,81.0,3.711098762967079,0,0,1,0,0,1,0,0,0,0,0,0,0,0,1,1,0,0,0,1,0,0,1
10,2,14.0,30.0708,2,0,28.0,15.035392482303758,0,0,0,0,0,1,0,0,0,0,0,0,0,0,1,0,1,0,1,0,0,0,1
11,3,4.0,16.7,3,0,12.0,5.566664811111729,0,0,1,1,0,0,0,0,0,0,0,0,1,0,0,0,1,0,0,0,0,0,1
12,1,58.0,26.55,1,1,58.0,26.549973450026553,0,0,1,1,0,0,0,0,1,0,0,0,0,0,0,0,1,0,0,0,1,0,1
13,3,20.0,8.05,1,1,60.0,8.049991950008051,1,0,1,0,1,0,0,0,0,0,0,0,0,0,1,1,0,0,1,0,0,0,0
14,3,39.0,31.275,7,0,117.0,4.467856504591928,1,0,1,0,1,0,0,0,0,0,0,0,0,0,1,0,1,0,0,1,0,0,0
15,3,14.0,7.8542,1,1,42.0,7.854192145807854,0,0,1,1,0,0,0,0,0,0,0,0,0,0,1,0,0,0,1,0,0,0,0
16,2,55.0,16.0,1,1,110.0,15.999984000016001,0,0,1,0,0,1,0,0,0,0,0,0,0,0,1,0,1,0,0,0,1,0,1
17,3,2.0,29.125,6,0,6.0,4.854165857639024,1,1,0,0,0,0,0,0,0,0,0,0,0,0,1,0,1,0,0,0,0,0,0
18,2,31.887685451080092,13.0,1,1,63.775370902160184,12.999987000013,1,0,1,0,1,0,0,0,0,0,0,0,0,0,1,1,0,0,0,1,0,0,1
19,3,31.0,18.0,2,0,93.0,8.99999550000225,0,0,1,0,0,1,0,0,0,0,0,0,0,0,1,0,1,0,0,1,0,0,0
20,3,38.55,7.225,1,1,115.64999999999999,7.224992775007225,0,0,0,0,0,1,0,0,0,0,0,0,0,0,1,0,0,0,0,1,0,0,1
21,2,35.0,26.0,1,1,70.0,25.999974000026,1,0,1,0,1,0,0,0,0,0,0,0,0,0,1,0,1,0,0,1,0,0,0
22,2,34.0,13.0,1,1,68.0,12.999987000013,1,0,1,0,1,0,0,0,0,1,0,0,0,0,0,1,0,0,0,1,0,0,1
23,3,15.0,8.0292,1,1,45.0,8.029191970808029,0,1,0,1,0,0,0,0,0,0,0,0,0,0,1,1,0,0,1,0,0,0,1
24,1,28.0,35.5,1,1,28.0,35.4999645000355,1,0,1,0,1,0,0,0,0,0,0,0,0,0,0,0,0,1,0,1,0,0,1
25,3,8.0,21.075,5,0,24.0,4.214999157000168,0,0,1,1,0,0,0,0,0,0,0,0,0,0,1,0,1,0,0,0,0,0,0
26,3,38.0,31.3875,7,0,114.0,4.483927930867439,0,0,1,0,0,1,0,0,0,0,0,0,0,0,1,0,0,1,0,1,0,0,1
27,3,27.256516612848362,7.225,1,1,81.76954983854509,7.224992775007225,1,0,0,0,1,0,0,0,0,0,0,0,0,0,1,0,0,0,0,1,0,0,0
28,1,19.0,263.0,6,0,19.0,43.833326027778995,1,0,1,0,1,0,0,0,1,0,0,0,0,0,0,0,0,1,1,0,0,0,0
29,3,21.5250955988456,7.8792,1,1,64.5752867965368,7.87919212080788,0,1,0,1,0,0,0,0,0,0,0,0,0,0,1,0,0,0,0,1,0,0,1
30,3,27.543020563624466,7.8958,1,1,82.6290616908734,7.895792104207897,1,0,1,0,1,0,0,0,0,0,0,0,0,0,1,0,0,0,0,1,0,0,0
31,1,40.0,27.7208,1,1,40.0,27.720772279227724,1,0,0,0,0,0,1,0,0,0,0,0,0,0,1,0,1,0,0,1,0,0,0
32,1,36.1025,146.5208,2,0,36.1025,73.26036336981831,0,0,0,0,0,1,0,1,0,0,0,0,0,0,0,0,0,1,0,1,0,0,1
33,3,26.363908542846033,7.75,1,1,79.0917256285381,7.74999225000775,0,1,0,1,0,0,0,0,0,0,0,0,0,0,1,0,0,0,0,1,0,0,1
34,2,66.0,10.5,1,1,132.0,10.499989500010502,1,0,1,0,1,0,0,0,0,0,0,0,0,0,1,1,0,0,0,0,0,1,0
35,1,28.0,82.1708,2,0,28.0,41.08537945731027,1,0,0,0,1,0,0,0,0,0,0,0,0,0,1,0,0,1,0,1,0,0,0
36,1,42.0,52.0,2,0,42.0,25.9999870000065,1,0,1,0,1,0,0,0,0,0,0,0,0,0,1,0,0,1,0,0,1,0,0
37,3,23.90057433064013,7.2292,1,1,71.70172299192039,7.229192770807229,1,0,0,0,1,0,0,0,0,0,0,0,0,0,1,0,0,0,0,1,0,0,1
38,3,21.0,8.05,1,1,63.0,8.049991950008051,1,0,1,0,1,0,0,0,0,0,0,0,0,0,1,1,0,0,0,1,0,0,0
39,3,18.0,18.0,3,0,54.0,5.999998000000667,0,0,1,1,0,0,0,0,0,0,0,0,0,0,1,0,1,0,1,0,0,0,0
40,3,14.0,11.2417,2,0,42.0,5.620847189576405,0,0,0,1,0,0,0,0,0,0,0,0,0,0,1,1,0,0,1,0,0,0,1
41,3,40.0,9.475,2,0,120.0,4.737497631251184,0,0,1,0,0,1,0,0,0,0,0,0,0,0,1,1,0,0,0,1,0,0,0
42,2,27.0,21.0,2,0,54.0,10.499994750002624,0,0,1,0,0,1,0,0,0,0,0,0,0,0,1,0,1,0,0,1,0,0,0
43,3,32.18411624649859,7.8958,1,1,96.55234873949577,7.895792104207897,1,0,0,0,1,0,0,0,0,0,0,0,0,0,1,0,0,0,0,1,0,0,0
44,2,3.0,41.5792,4,0,6.0,10.39479740130065,0,0,0,1,0,0,0,0,0,0,0,0,0,0,1,0,0,1,0,0,0,0,1
45,3,19.0,7.8792,1,1,57.0,7.87919212080788,0,1,0,1,0,0,0,0,0,0,0,0,0,0,1,0,0,0,1,0,0,0,1
46,3,29.77810885753248,8.05,1,1,89.33432657259743,8.049991950008051,1,0,1,0,1,0,0,0,0,0,0,0,0,0,1,1,0,0,0,1,0,0,0
47,3,32.116593253968254,15.5,2,0,96.34977976190476,7.749996125001937,1,1,0,0,1,0,0,0,0,0,0,0,0,0,1,0,1,0,0,1,0,0,0
48,3,26.363908542846033,7.75,1,1,79.0917256285381,7.74999225000775,0,1,0,1,0,0,0,0,0,0,0,0,0,0,1,0,0,0,0,1,0,0,1
49,3,21.612410714285705,21.6792,3,0,64.83723214285712,7.226397591200803,1,0,0,0,1,0,0,0,0,0,0,0,0,0,1,0,1,0,0,1,0,0,0
50,3,18.0,17.8,2,0,54.0,8.899995550002224,0,0,1,0,0,1,0,0,0,0,0,0,0,0,1,0,1,0,1,0,0,0,0
51,3,7.0,39.6875,6,0,21.0,6.614582230902961,1,0,1,0,0,0,0,0,0,0,0,0,0,0,1,0,0,1,0,0,0,0,0
52,3,21.0,7.8,1,1,63.0,7.7999922000078,1,0,1,0,1,0,0,0,0,0,0,0,0,0,1,0,0,0,0,1,0,0,0
53,1,49.0,76.7292,2,0,49.0,38.364580817709594,0,0,0,0,0,1,0,0,0,1,0,0,0,0,0,0,0,1,0,0,1,0,1
54,2,29.0,26.0,2,0,58.0,12.99999350000325,0,0,1,0,0,1,0,0,0,0,0,0,0,0,1,0,1,0,0,1,0,0,1
55,1,65.0,61.9792,2,0,65.0,30.989584505207745,1,0,0,0,1,0,0,1,0,0,0,0,0,0,0,0,0,1,0,0,0,1,0
56,1,38.48908333333333,35.5,1,1,38.48908333333333,35.4999645000355,1,0,1,0,1,0,0,0,1,0,0,0,0,0,0,0,0,1,0,1,0,0,1
57,2,21.0,10.5,1,1,42.0,10.499989500010502,0,0,1,1,0,0,0,0,0,0,0,0,0,0,1,1,0,0,0,1,0,0,1
58,3,28.5,7.2292,1,1,85.5,7.229192770807229,1,0,0,0,1,0,0,0,0,0,0,0,0,0,1,0,0,0,0,1,0,0,0
59,2,5.0,27.75,4,0,10.0,6.937498265625433,0,0,1,1,0,0,0,0,0,0,0,0,0,0,1,0,1,0,0,0,0,0,1
60,3,11.0,46.9,8,0,33.0,5.862499267187592,1,0,1,0,0,0,0,0,0,0,0,0,0,0,1,0,0,1,0,0,0,0,0
61,3,22.0,7.2292,1,1,66.0,7.229192770807229,1,0,0,0,1,0,0,0,0,0,0,0,0,0,1,0,0,0,0,1,0,0,0
62,1,38.0,80.0,1,1,38.0,79.99992000008001,0,0,1,1,0,0,0,1,0,0,0,0,0,0,0,0,0,1,0,1,0,0,1
63,1,45.0,83.475,2,0,45.0,41.73747913126043,1,0,1,0,1,0,0,0,1,0,0,0,0,0,0,0,0,1,0,0,1,0,0
64,3,4.0,27.9,6,0,12.0,4.649999225000129,1,0,1,0,0,0,0,0,0,0,0,0,0,0,1,0,1,0,0,0,0,0,0
65,1,30.6125,27.7208,1,1,30.6125,27.720772279227724,1,0,0,0,1,0,0,0,0,0,0,0,0,0,1,0,1,0,0,1,0,0,0
66,3,6.400205952380951,15.2458,3,0,19.200617857142852,5.08193163935612,1,0,0,0,0,0,0,0,0,0,0,0,0,0,1,0,1,0,0,0,0,0,1
67,2,29.0,10.5,1,1,58.0,10.499989500010502,0,0,1,0,0,1,0,0,0,0,0,1,0,0,0,1,0,0,0,1,0,0,1
68,3,19.0,8.1583,1,1,57.0,8.15829184170816,1,0,1,0,1,0,0,0,0,0,0,0,0,0,1,1,0,0,1,0,0,0,0
69,3,17.0,7.925,7,0,51.0,1.1321426954081864,0,0,1,1,0,0,0,0,0,0,0,0,0,0,1,1,0,0,1,0,0,0,1
70,3,26.0,8.6625,3,0,78.0,2.8874990375003207,1,0,1,0,1,0,0,0,0,0,0,0,0,0,1,1,0,0,0,1,0,0,0
71,2,32.0,10.5,1,1,64.0,10.499989500010502,1,0,1,0,1,0,0,0,0,0,0,0,0,0,1,1,0,0,0,1,0,0,0
72,3,16.0,46.9,8,0,48.0,5.862499267187592,0,0,1,1,0,0,0,0,0,0,0,0,0,0,1,0,0,1,1,0,0,0,0
73,2,21.0,73.5,1,1,42.0,73.4999265000735,1,0,1,0,1,0,0,0,0,0,0,0,0,0,1,0,0,1,0,1,0,0,0
74,3,26.0,14.4542,2,0,78.0,7.227096386451806,1,0,0,0,1,0,0,0,0,0,0,0,0,0,1,1,0,0,0,1,0,0,0
75,3,32.0,56.4958,1,1,96.0,56.4957435042565,1,0,1,0,1,0,0,0,0,0,0,0,0,0,1,0,0,1,0,1,0,0,1
76,3,25.0,7.65,1,1,75.0,7.6499923500076505,1,0,1,0,1,0,0,0,0,0,0,1,0,0,0,0,0,0,0,1,0,0,0
77,3,27.543020563624466,7.8958,1,1,82.6290616908734,7.895792104207897,1,0,1,0,1,0,0,0,0,0,0,0,0,0,1,0,0,0,0,1,0,0,0
78,3,29.77810885753248,8.05,1,1,89.33432657259743,8.049991950008051,1,0,1,0,1,0,0,0,0,0,0,0,0,0,1,1,0,0,0,1,0,0,0
79,2,0.83,29.0,3,0,1.66,9.666663444445518,1,0,1,0,0,0,0,0,0,0,0,0,0,0,1,0,1,0,0,0,0,0,1
80,3,30.0,12.475,1,1,90.0,12.474987525012475,0,0,1,1,0,0,0,0,0,0,0,0,0,0,1,1,0,0,0,1,0,0,1
81,3,22.0,9.0,1,1,66.0,8.999991000009,1,0,1,0,1,0,0,0,0,0,0,0,0,0,1,1,0,0,0,1,0,0,0
82,3,29.0,9.5,1,1,87.0,9.4999905000095,1,0,1,0,1,0,0,0,0,0,0,0,0,0,1,1,0,0,0,1,0,0,1
83,3,22.60359095071594,7.7875,1,1,67.81077285214782,7.787492212507788,0,1,0,1,0,0,0,0,0,0,0,0,0,0,1,0,0,0,0,1,0,0,1
84,1,28.0,47.1,1,1,28.0,47.09995290004711,1,0,1,0,1,0,0,0,0,0,0,0,0,0,1,0,0,1,0,1,0,0,0
85,2,17.0,10.5,1,1,34.0,10.499989500010502,0,0,1,1,0,0,0,0,0,0,0,0,0,0,1,1,0,0,1,0,0,0,1
86,3,33.0,15.85,4,0,99.0,3.9624990093752475,0,0,1,0,0,1,0,0,0,0,0,0,0,0,1,0,1,0,0,1,0,0,1
87,3,16.0,34.375,5,0,48.0,6.874998625000274,1,0,1,0,1,0,0,0,0,0,0,0,0,0,1,0,0,1,1,0,0,0,0
88,3,29.77810885753248,8.05,1,1,89.33432657259743,8.049991950008051,1,0,1,0,1,0,0,0,0,0,0,0,0,0,1,1,0,0,0,1,0,0,0
89,1,23.0,263.0,6,0,23.0,43.833326027778995,0,0,1,1,0,0,0,0,1,0,0,0,0,0,0,0,0,1,0,1,0,0,1
90,3,24.0,8.05,1,1,72.0,8.049991950008051,1,0,1,0,1,0,0,0,0,0,0,0,0,0,1,1,0,0,0,1,0,0,0
91,3,29.0,8.05,1,1,87.0,8.049991950008051,1,0,1,0,1,0,0,0,0,0,0,0,0,0,1,1,0,0,0,1,0,0,0
92,3,20.0,7.8542,1,1,60.0,7.854192145807854,1,0,1,0,1,0,0,0,0,0,0,0,0,0,1,0,0,0,1,0,0,0,0
93,1,46.0,61.175,2,0,46.0,30.587484706257644,1,0,1,0,1,0,0,0,0,0,1,0,0,0,0,0,0,1,0,0,1,0,0
94,3,26.0,20.575,4,0,78.0,5.143748714062821,1,0,1,0,1,0,0,0,0,0,0,0,0,0,1,0,1,0,0,1,0,0,0
95,3,59.0,7.25,1,1,177.0,7.249992750007251,1,0,1,0,1,0,0,0,0,0,0,0,0,0,1,0,0,0,0,0,1,0,0
96,3,29.77810885753248,8.05,1,1,89.33432657259743,8.049991950008051,1,0,1,0,1,0,0,0,0,0,0,0,0,0,1,1,0,0,0,1,0,0,0
97,1,71.0,34.6542,1,1,71.0,34.65416534583466,1,0,0,0,1,0,0,0,0,0,0,0,0,0,0,0,0,1,0,0,0,1,0
98,1,23.0,63.3583,2,0,23.0,31.679134160432916,1,0,0,0,1,0,0,0,0,1,0,0,0,0,0,0,0,1,0,1,0,0,1
99,2,34.0,23.0,2,0,68.0,11.499994250002874,0,0,1,0,0,1,0,0,0,0,0,0,0,0,1,0,1,0,0,1,0,0,1
100,2,34.0,26.0,2,0,68.0,12.99999350000325,1,0,1,0,1,0,0,0,0,0,0,0,0,0,1,0,1,0,0,1,0,0,0
101,3,28.0,7.8958,1,1,84.0,7.895792104207897,0,0,1,1,0,0,0,0,0,0,0,0,0,0,1,0,0,0,0,1,0,0,0
102,3,27.543020563624466,7.8958,1,1,82.6290616908734,7.895792104207897,1,0,1,0,1,0,0,0,0,0,0,0,0,0,1,0,0,0,0,1,0,0,0
103,1,21.0,77.2875,2,0,21.0,38.64373067813465,1,0,1,0,1,0,0,0,0,1,0,0,0,0,0,0,0,1,0,1,0,0,0
104,3,33.0,8.6542,1,1,99.0,8.654191345808654,1,0,1,0,1,0,0,0,0,0,0,0,0,0,1,1,0,0,0,1,0,0,0
105,3,37.0,7.925,3,0,111.0,2.6416657861114046,1,0,1,0,1,0,0,0,0,0,0,0,0,0,1,1,0,0,0,1,0,0,0
106,3,28.0,7.8958,1,1,84.0,7.895792104207897,1,0,1,0,1,0,0,0,0,0,0,0,0,0,1,0,0,0,0,1,0,0,0
107,3,21.0,7.65,1,1,63.0,7.6499923500076505,0,0,1,1,0,0,0,0,0,0,0,0,0,0,1,0,0,0,0,1,0,0,1
108,3,27.484150815728494,7.775,1,1,82.45245244718548,7.774992225007776,1,0,1,0,1,0,0,0,0,0,0,0,0,0,1,0,0,0,0,1,0,0,1
109,3,38.0,7.8958,1,1,114.0,7.895792104207897,1,0,1,0,1,0,0,0,0,0,0,0,0,0,1,0,0,0,0,1,0,0,0
110,3,17.612458333333333,24.15,2,0,52.837374999999994,12.074993962503017,0,1,0,1,0,0,0,0,0,0,0,0,0,0,1,0,1,0,1,0,0,0,1
111,1,47.0,52.0,1,1,47.0,51.999948000052,1,0,1,0,1,0,0,0,1,0,0,0,0,0,0,0,0,1,0,0,1,0,0
112,3,14.5,14.4542,2,0,43.5,7.227096386451806,0,0,0,1,0,0,0,0,0,0,0,0,0,0,1,1,0,0,1,0,0,0,0
113,3,22.0,8.05,1,1,66.0,8.049991950008051,1,0,1,0,1,0,0,0,0,0,0,0,0,0,1,1,0,0,0,1,0,0,0
114,3,20.0,9.825,2,0,60.0,4.912497543751227,0,0,1,1,0,0,0,0,0,0,0,0,0,0,1,1,0,0,1,0,0,0,0
115,3,17.0,14.4583,1,1,51.0,14.458285541714458,0,0,0,1,0,0,0,0,0,0,0,0,0,0,1,0,1,0,1,0,0,0,0
116,3,21.0,7.925,1,1,63.0,7.924992075007926,1,0,1,0,1,0,0,0,0,0,0,0,0,0,1,1,0,0,0,1,0,0,0
117,3,70.5,7.75,1,1,211.5,7.74999225000775,1,1,0,0,1,0,0,0,0,0,0,0,0,0,1,0,0,0,0,0,0,1,0
118,2,29.0,21.0,2,0,58.0,10.499994750002624,1,0,1,0,1,0,0,0,0,0,0,0,0,0,1,0,1,0,0,1,0,0,0
119,1,24.0,247.5208,2,0,24.0,123.76033811983093,1,0,0,0,1,0,0,1,0,0,0,0,0,0,0,0,0,1,0,1,0,0,0
120,3,2.0,31.275,7,0,6.0,4.467856504591928,0,0,1,1,0,0,0,0,0,0,0,0,0,0,1,0,1,0,0,0,0,0,0
121,2,21.0,73.5,3,0,42.0,24.499991833336054,1,0,1,0,1,0,0,0,0,0,0,0,0,0,1,0,0,1,0,1,0,0,0
122,3,29.77810885753248,8.05,1,1,89.33432657259743,8.049991950008051,1,0,1,0,1,0,0,0,0,0,0,0,0,0,1,1,0,0,0,1,0,0,0
123,2,32.5,30.0708,2,0,65.0,15.035392482303758,1,0,0,0,1,0,0,0,0,0,0,0,0,0,1,0,1,0,0,1,0,0,0
124,2,32.5,13.0,1,1,65.0,12.999987000013,0,0,1,1,0,0,0,0,0,0,1,0,0,0,0,1,0,0,0,1,0,0,1
125,1,54.0,77.2875,2,0,54.0,38.64373067813465,1,0,1,0,1,0,0,0,0,1,0,0,0,0,0,0,0,1,0,0,1,0,0
126,3,12.0,11.2417,2,0,36.0,5.620847189576405,1,0,0,0,0,0,0,0,0,0,0,0,0,0,1,1,0,0,0,0,0,0,1
127,3,40.62484406565656,7.75,1,1,121.87453219696968,7.74999225000775,1,1,0,0,1,0,0,0,0,0,0,0,0,0,1,0,0,0,0,1,0,0,0
128,3,24.0,7.1417,1,1,72.0,7.141692858307143,1,0,1,0,1,0,0,0,0,0,0,0,0,0,1,0,0,0,0,1,0,0,1
129,3,4.405767857142855,22.3583,3,0,13.217303571428566,7.452764182411939,0,0,0,1,0,0,0,0,0,0,0,1,0,0,0,0,1,0,0,0,0,0,1
130,3,45.0,6.975,1,1,135.0,6.974993025006976,1,0,1,0,1,0,0,0,0,0,0,0,0,0,1,0,0,0,0,0,1,0,0
131,3,33.0,7.8958,1,1,99.0,7.895792104207897,1,0,0,0,1,0,0,0,0,0,0,0,0,0,1,0,0,0,0,1,0,0,0
132,3,20.0,7.05,1,1,60.0,7.04999295000705,1,0,1,0,1,0,0,0,0,0,0,0,0,0,1,0,0,0,1,0,0,0,0
133,3,47.0,14.5,2,0,141.0,7.249996375001812,0,0,1,0,0,1,0,0,0,0,0,0,0,0,1,0,1,0,0,0,1,0,0
134,2,29.0,26.0,2,0,58.0,12.99999350000325,0,0,1,0,0,1,0,0,0,0,0,0,0,0,1,0,1,0,0,1,0,0,1
135,2,25.0,13.0,1,1,50.0,12.999987000013,1,0,1,0,1,0,0,0,0,0,0,0,0,0,1,1,0,0,0,1,0,0,0
136,2,23.0,15.0458,1,1,46.0,15.045784954215048,1,0,0,0,1,0,0,0,0,0,0,0,0,0,1,0,1,0,0,1,0,0,0
137,1,19.0,26.2833,3,0,19.0,8.761097079634306,0,0,1,1,0,0,0,0,0,1,0,0,0,0,0,0,1,0,1,0,0,0,1
138,1,37.0,53.1,2,0,37.0,26.549986725006637,1,0,1,0,1,0,0,0,1,0,0,0,0,0,0,0,0,1,0,1,0,0,0
139,3,16.0,9.2167,1,1,48.0,9.216690783309216,1,0,1,0,1,0,0,0,0,0,0,0,0,0,1,1,0,0,1,0,0,0,0
140,1,24.0,79.2,1,1,24.0,79.19992080007921,1,0,0,0,1,0,0,1,0,0,0,0,0,0,0,0,0,1,0,1,0,0,0
141,3,30.315,15.2458,3,0,90.94500000000001,5.08193163935612,0,0,0,0,0,1,0,0,0,0,0,0,0,0,1,0,1,0,0,1,0,0,0
142,3,22.0,7.75,1,1,66.0,7.74999225000775,0,0,1,1,0,0,0,0,0,0,0,0,0,0,1,0,0,0,0,1,0,0,1
143,3,24.0,15.85,2,0,72.0,7.92499603750198,0,0,1,0,0,1,0,0,0,0,0,0,0,0,1,0,1,0,0,1,0,0,1
144,3,19.0,6.75,1,1,57.0,6.74999325000675,1,1,0,0,1,0,0,0,0,0,0,0,0,0,1,0,0,0,1,0,0,0,0
145,2,18.0,11.5,1,1,36.0,11.4999885000115,1,0,1,0,1,0,0,0,0,0,0,0,0,0,1,1,0,0,1,0,0,0,0
146,2,19.0,36.75,3,0,38.0,12.249995916668027,1,0,1,0,1,0,0,0,0,0,0,0,0,0,1,0,0,1,1,0,0,0,0
147,3,27.0,7.7958,1,1,81.0,7.795792204207796,1,0,1,0,1,0,0,0,0,0,0,0,0,0,1,0,0,0,0,1,0,0,1
148,3,9.0,34.375,5,0,27.0,6.874998625000274,0,0,1,1,0,0,0,0,0,0,0,0,0,0,1,0,0,1,0,0,0,0,0
149,2,36.5,26.0,3,0,73.0,8.66666377777874,1,0,1,0,1,0,0,0,0,0,0,1,0,0,0,0,1,0,0,1,0,0,0
150,2,42.0,13.0,1,1,84.0,12.999987000013,1,0,1,0,0,0,1,0,0,0,0,0,0,0,1,1,0,0,0,0,1,0,0
151,2,51.0,12.525,1,1,102.0,12.524987475012527,1,0,1,0,0,0,1,0,0,0,0,0,0,0,1,1,0,0,0,0,1,0,0
152,1,22.0,66.6,2,0,22.0,33.29998335000832,0,0,1,0,0,1,0,0,1,0,0,0,0,0,0,0,0,1,0,1,0,0,1
153,3,55.5,8.05,1,1,166.5,8.049991950008051,1,0,1,0,1,0,0,0,0,0,0,0,0,0,1,1,0,0,0,0,1,0,0
154,3,40.5,14.5,3,0,121.5,4.833331722222759,1,0,1,0,1,0,0,0,0,0,0,0,0,0,1,0,1,0,0,1,0,0,0
155,3,31.659309346505758,7.3125,1,1,94.97792803951728,7.312492687507313,1,0,1,0,1,0,0,0,0,0,0,0,0,0,1,0,0,0,0,1,0,0,0
156,1,51.0,61.3792,2,0,51.0,30.689584655207668,1,0,0,0,1,0,0,0,0,0,0,0,0,0,1,0,0,1,0,0,1,0,0
157,3,16.0,7.7333,1,1,48.0,7.733292266707734,0,1,0,1,0,0,0,0,0,0,0,0,0,0,1,0,0,0,1,0,0,0,1
158,3,30.0,8.05,1,1,90.0,8.049991950008051,1,0,1,0,1,0,0,0,0,0,0,0,0,0,1,1,0,0,0,1,0,0,0
159,3,23.99764160050849,8.6625,1,1,71.99292480152548,8.662491337508662,1,0,1,0,1,0,0,0,0,0,0,0,0,0,1,1,0,0,0,1,0,0,0
160,3,11.884333333333332,69.55,11,0,35.653,6.322726697933937,1,0,1,0,0,0,0,0,0,0,0,0,0,0,1,0,0,1,0,0,0,0,0
161,3,44.0,16.1,2,0,132.0,8.049995975002012,1,0,1,0,1,0,0,0,0,0,0,0,0,0,1,0,1,0,0,0,1,0,0
162,2,40.0,15.75,1,1,80.0,15.749984250015752,0,0,1,0,0,1,0,0,0,0,0,0,0,0,1,0,1,0,0,1,0,0,1
163,3,26.0,7.775,1,1,78.0,7.774992225007776,1,0,1,0,1,0,0,0,0,0,0,0,0,0,1,0,0,0,0,1,0,0,0
164,3,17.0,8.6625,1,1,51.0,8.662491337508662,1,0,1,0,1,0,0,0,0,0,0,0,0,0,1,1,0,0,1,0,0,0,0
165,3,1.0,39.6875,6,0,3.0,6.614582230902961,1,0,1,0,0,0,0,0,0,0,0,0,0,0,1,0,0,1,0,0,0,0,0
166,3,9.0,20.525,3,0,27.0,6.84166438611187,1,0,1,0,0,0,0,0,0,0,0,0,0,0,1,0,1,0,0,0,0,0,1
167,1,40.069541666666666,55.0,2,0,40.069541666666666,27.499986250006874,0,0,1,0,0,1,0,0,0,0,1,0,0,0,0,0,0,1,0,1,0,0,1
168,3,45.0,27.9,6,0,135.0,4.649999225000129,0,0,1,0,0,1,0,0,0,0,0,0,0,0,1,0,1,0,0,0,1,0,0
169,1,47.35342099567099,25.925,1,1,47.35342099567099,25.92497407502593,1,0,1,0,1,0,0,0,0,0,0,0,0,0,1,0,1,0,0,0,1,0,0
170,3,28.0,56.4958,1,1,84.0,56.4957435042565,1,0,1,0,1,0,0,0,0,0,0,0,0,0,1,0,0,1,0,1,0,0,0
171,1,61.0,33.5,1,1,61.0,33.4999665000335,1,0,1,0,1,0,0,1,0,0,0,0,0,0,0,0,0,1,0,0,0,1,0
172,3,4.0,29.125,6,0,12.0,4.854165857639024,1,1,0,0,0,0,0,0,0,0,0,0,0,0,1,0,1,0,0,0,0,0,0
173,3,1.0,11.1333,3,0,3.0,3.711098762967079,0,0,1,1,0,0,0,0,0,0,0,0,0,0,1,1,0,0,0,0,0,0,1
174,3,21.0,7.925,1,1,63.0,7.924992075007926,1,0,1,0,1,0,0,0,0,0,0,0,0,0,1,1,0,0,0,1,0,0,0
175,1,56.0,30.6958,1,1,56.0,30.695769304230698,1,0,0,0,1,0,0,0,0,0,0,0,0,0,0,0,1,0,0,0,1,0,0
176,3,18.0,7.8542,3,0,54.0,2.6180657939780683,1,0,1,0,1,0,0,0,0,0,0,0,0,0,1,0,0,0,1,0,0,0,0
177,3,5.512700396825397,25.4667,5,0,16.53810119047619,5.093338981332203,1,0,1,0,0,0,0,0,0,0,0,0,0,0,1,0,1,0,0,0,0,0,0
178,1,50.0,28.7125,1,1,50.0,28.712471287528714,0,0,0,1,0,0,0,0,1,0,0,0,0,0,0,0,1,0,0,0,1,0,0
179,2,30.0,13.0,1,1,60.0,12.999987000013,1,0,1,0,1,0,0,0,0,0,0,0,0,0,1,1,0,0,0,1,0,0,0
180,3,36.0,0.0,1,1,108.0,0.0,1,0,1,0,1,0,0,0,0,0,0,0,0,0,1,0,0,0,0,1,0,0,0
181,3,17.66938095238095,69.55,11,0,53.00814285714286,6.322726697933937,0,0,1,1,0,0,0,0,0,0,0,0,0,0,1,0,0,1,1,0,0,0,0
182,2,31.887571428571434,15.05,1,1,63.77514285714287,15.049984950015052,1,0,0,0,1,0,0,0,0,0,0,0,0,0,1,0,1,0,0,1,0,0,0
183,3,9.0,31.3875,7,0,27.0,4.483927930867439,1,0,1,0,0,0,0,0,0,0,0,0,0,0,1,0,0,1,0,0,0,0,0
184,2,1.0,39.0,4,0,2.0,9.749997562500608,1,0,1,0,0,0,0,0,0,0,0,1,0,0,0,0,0,1,0,0,0,0,1
185,3,4.0,22.025,3,0,12.0,7.341664219445259,0,0,1,1,0,0,0,0,0,0,0,0,0,0,1,0,1,0,0,0,0,0,1
186,1,50.775,50.0,1,1,50.775,49.999950000050006,1,0,1,0,1,0,0,0,0,0,0,0,0,0,0,0,0,1,0,0,1,0,0
187,3,25.27083333333333,15.5,2,0,75.81249999999999,7.749996125001937,0,1,0,0,0,1,0,0,0,0,0,0,0,0,1,0,1,0,0,1,0,0,1
188,1,45.0,26.55,1,1,45.0,26.549973450026553,1,0,1,0,1,0,0,0,0,0,0,0,0,0,1,0,1,0,0,0,1,0,1
189,3,40.0,15.5,3,0,120.0,5.166664944445018,1,1,0,0,1,0,0,0,0,0,0,0,0,0,1,0,1,0,0,1,0,0,0
190,3,36.0,7.8958,1,1,108.0,7.895792104207897,1,0,1,0,1,0,0,0,0,0,0,0,0,0,1,0,0,0,0,1,0,0,0
191,2,32.0,13.0,1,1,64.0,12.999987000013,0,0,1,0,0,1,0,0,0,0,0,0,0,0,1,1,0,0,0,1,0,0,1
192,2,19.0,13.0,1,1,38.0,12.999987000013,1,0,1,0,1,0,0,0,0,0,0,0,0,0,1,1,0,0,1,0,0,0,0
193,3,19.0,7.8542,2,0,57.0,3.9270980364509813,0,0,1,1,0,0,0,0,0,0,0,0,0,0,1,0,0,0,1,0,0,0,1
194,2,3.0,26.0,3,0,6.0,8.66666377777874,1,0,1,0,0,0,0,0,0,0,0,1,0,0,0,0,1,0,0,0,0,0,1
195,1,44.0,27.7208,1,1,44.0,27.720772279227724,0,0,0,0,0,1,0,1,0,0,0,0,0,0,0,0,1,0,0,0,1,0,1
196,1,58.0,146.5208,1,1,58.0,146.52065347934655,0,0,0,1,0,0,0,1,0,0,0,0,0,0,0,0,0,1,0,0,1,0,1
197,3,40.62484406565656,7.75,1,1,121.87453219696968,7.74999225000775,1,1,0,0,1,0,0,0,0,0,0,0,0,0,1,0,0,0,0,1,0,0,0
198,3,42.0,8.4042,2,0,126.0,4.20209789895105,1,0,1,0,1,0,0,0,0,0,0,0,0,0,1,1,0,0,0,0,1,0,0
199,3,26.363908542846033,7.75,1,1,79.0917256285381,7.74999225000775,0,1,0,1,0,0,0,0,0,0,0,0,0,0,1,0,0,0,0,1,0,0,1
200,2,24.0,13.0,1,1,48.0,12.999987000013,0,0,1,1,0,0,0,0,0,0,0,0,0,0,1,1,0,0,0,1,0,0,0
201,3,28.0,9.5,1,1,84.0,9.4999905000095,1,0,1,0,1,0,0,0,0,0,0,0,0,0,1,1,0,0,0,1,0,0,0
202,3,18.116380952380958,69.55,11,0,54.34914285714287,6.322726697933937,1,0,1,0,1,0,0,0,0,0,0,0,0,0,1,0,0,1,1,0,0,0,0
203,3,34.0,6.4958,1,1,102.0,6.495793504206496,1,0,1,0,1,0,0,0,0,0,0,0,0,0,1,0,0,0,0,1,0,0,0
204,3,45.5,7.225,1,1,136.5,7.224992775007225,1,0,0,0,1,0,0,0,0,0,0,0,0,0,1,0,0,0,0,0,1,0,0
205,3,18.0,8.05,1,1,54.0,8.049991950008051,1,0,1,0,1,0,0,0,0,0,0,0,0,0,1,1,0,0,1,0,0,0,1
206,3,2.0,10.4625,2,0,6.0,5.231247384376307,0,0,1,1,0,0,0,0,0,0,0,0,1,0,0,1,0,0,0,0,0,0,0
207,3,32.0,15.85,2,0,96.0,7.92499603750198,1,0,1,0,1,0,0,0,0,0,0,0,0,0,1,0,1,0,0,1,0,0,0
208,3,26.0,18.7875,1,1,78.0,18.78748121251879,1,0,0,0,1,0,0,0,0,0,0,0,0,0,1,0,1,0,0,1,0,0,1
209,3,16.0,7.75,1,1,48.0,7.74999225000775,0,1,0,1,0,0,0,0,0,0,0,0,0,0,1,0,0,0,1,0,0,0,1
210,1,40.0,31.0,1,1,40.0,30.999969000031,1,0,0,0,1,0,0,0,0,0,0,0,0,0,0,0,1,0,0,1,0,0,1
211,3,24.0,7.05,1,1,72.0,7.04999295000705,1,0,1,0,1,0,0,0,0,0,0,0,0,0,1,0,0,0,0,1,0,0,0
212,2,35.0,21.0,1,1,70.0,20.999979000021003,0,0,1,1,0,0,0,0,0,0,0,0,0,0,1,0,1,0,0,1,0,0,1
213,3,22.0,7.25,1,1,66.0,7.249992750007251,1,0,1,0,1,0,0,0,0,0,0,0,0,0,1,0,0,0,0,1,0,0,0
214,2,30.0,13.0,1,1,60.0,12.999987000013,1,0,1,0,1,0,0,0,0,0,0,0,0,0,1,1,0,0,0,1,0,0,0
215,3,36.82836886724387,7.75,2,0,110.4851066017316,3.8749980625009686,1,1,0,0,1,0,0,0,0,0,0,0,0,0,1,0,0,0,0,1,0,0,0
216,1,31.0,113.275,2,0,31.0,56.63747168126416,0,0,0,1,0,0,0,0,0,1,0,0,0,0,0,0,0,1,0,1,0,0,1
217,3,27.0,7.925,1,1,81.0,7.924992075007926,0,0,1,1,0,0,0,0,0,0,0,0,0,0,1,1,0,0,0,1,0,0,1
218,2,42.0,27.0,2,0,84.0,13.499993250003374,1,0,1,0,1,0,0,0,0,0,0,0,0,0,1,0,1,0,0,0,1,0,0
219,1,32.0,76.2917,1,1,32.0,76.2916237083763,0,0,0,1,0,0,0,0,0,1,0,0,0,0,0,0,0,1,0,1,0,0,1
220,2,30.0,10.5,1,1,60.0,10.499989500010502,1,0,1,0,1,0,0,0,0,0,0,0,0,0,1,1,0,0,0,1,0,0,0
221,3,16.0,8.05,1,1,48.0,8.049991950008051,1,0,1,0,1,0,0,0,0,0,0,0,0,0,1,1,0,0,1,0,0,0,1
222,2,27.0,13.0,1,1,54.0,12.999987000013,1,0,1,0,1,0,0,0,0,0,0,0,0,0,1,1,0,0,0,1,0,0,0
223,3,51.0,8.05,1,1,153.0,8.049991950008051,1,0,1,0,1,0,0,0,0,0,0,0,0,0,1,1,0,0,0,0,1,0,0
224,3,27.543020563624466,7.8958,1,1,82.6290616908734,7.895792104207897,1,0,1,0,1,0,0,0,0,0,0,0,0,0,1,0,0,0,0,1,0,0,0
225,1,38.0,90.0,2,0,38.0,44.99997750001125,1,0,1,0,1,0,0,0,1,0,0,0,0,0,0,0,0,1,0,1,0,0,1
226,3,22.0,9.35,1,1,66.0,9.349990650009351,1,0,1,0,1,0,0,0,0,0,0,0,0,0,1,1,0,0,0,1,0,0,0
227,2,19.0,10.5,1,1,38.0,10.499989500010502,1,0,1,0,1,0,0,0,0,0,0,0,0,0,1,1,0,0,1,0,0,0,1
228,3,20.5,7.25,1,1,61.5,7.249992750007251,1,0,1,0,1,0,0,0,0,0,0,0,0,0,1,0,0,0,1,0,0,0,0
229,2,18.0,13.0,1,1,36.0,12.999987000013,1,0,1,0,1,0,0,0,0,0,0,0,0,0,1,1,0,0,1,0,0,0,0
230,3,6.715547619047616,25.4667,5,0,20.146642857142847,5.093338981332203,0,0,1,1,0,0,0,0,0,0,0,0,0,0,1,0,1,0,0,0,0,0,0
231,1,35.0,83.475,2,0,35.0,41.73747913126043,0,0,1,0,0,1,0,0,1,0,0,0,0,0,0,0,0,1,0,1,0,0,1
232,3,29.0,7.775,1,1,87.0,7.774992225007776,1,0,1,0,1,0,0,0,0,0,0,0,0,0,1,0,0,0,0,1,0,0,0
233,2,59.0,13.5,1,1,118.0,13.4999865000135,1,0,1,0,1,0,0,0,0,0,0,0,0,0,1,1,0,0,0,0,1,0,0
234,3,5.0,31.3875,7,0,15.0,4.483927930867439,0,0,1,1,0,0,0,0,0,0,0,0,0,0,1,0,0,1,0,0,0,0,1
235,2,24.0,10.5,1,1,48.0,10.499989500010502,1,0,1,0,1,0,0,0,0,0,0,0,0,0,1,1,0,0,0,1,0,0,0
236,3,21.89083333333333,7.55,1,1,65.67249999999999,7.549992450007551,0,0,1,1,0,0,0,0,0,0,0,0,0,0,1,0,0,0,0,1,0,0,0
237,2,44.0,26.0,2,0,88.0,12.99999350000325,1,0,1,0,1,0,0,0,0,0,0,0,0,0,1,0,1,0,0,0,1,0,0
238,2,8.0,26.25,3,0,16.0,8.749997083334305,0,0,1,1,0,0,0,0,0,0,0,0,0,0,1,0,1,0,0,0,0,0,1
239,2,19.0,10.5,1,1,38.0,10.499989500010502,1,0,1,0,1,0,0,0,0,0,0,0,0,0,1,1,0,0,1,0,0,0,0
240,2,33.0,12.275,1,1,66.0,12.274987725012277,1,0,1,0,1,0,0,0,0,0,0,0,0,0,1,1,0,0,0,1,0,0,0
241,3,15.137083333333335,14.4542,2,0,45.41125,7.227096386451806,0,0,0,1,0,0,0,0,0,0,0,0,0,0,1,1,0,0,1,0,0,0,0
242,3,17.239333333333335,15.5,2,0,51.718,7.749996125001937,0,1,0,1,0,0,0,0,0,0,0,0,0,0,1,0,1,0,1,0,0,0,1
243,2,29.0,10.5,1,1,58.0,10.499989500010502,1,0,1,0,1,0,0,0,0,0,0,0,0,0,1,1,0,0,0,1,0,0,0
244,3,22.0,7.125,1,1,66.0,7.124992875007125,1,0,1,0,1,0,0,0,0,0,0,0,0,0,1,0,0,0,0,1,0,0,0
245,3,30.0,7.225,1,1,90.0,7.224992775007225,1,0,0,0,1,0,0,0,0,0,0,0,0,0,1,0,0,0,0,1,0,0,0
246,1,44.0,90.0,3,0,44.0,29.999990000003333,1,1,0,0,0,0,1,0,1,0,0,0,0,0,0,0,0,1,0,0,1,0,0
247,3,25.0,7.775,1,1,75.0,7.774992225007776,0,0,1,1,0,0,0,0,0,0,0,0,0,0,1,0,0,0,0,1,0,0,0
248,2,24.0,14.5,3,0,48.0,4.833331722222759,0,0,1,0,0,1,0,0,0,0,0,0,0,0,1,0,1,0,0,1,0,0,1
249,1,37.0,52.5542,3,0,37.0,17.518060827313057,1,0,1,0,1,0,0,0,0,1,0,0,0,0,0,0,0,1,0,1,0,0,1
250,2,54.0,26.0,2,0,108.0,12.99999350000325,1,0,1,0,0,0,1,0,0,0,0,0,0,0,1,0,1,0,0,0,1,0,0
251,3,31.842968437414847,7.25,1,1,95.52890531224455,7.249992750007251,1,0,1,0,1,0,0,0,0,0,0,0,0,0,1,0,0,0,0,1,0,0,0
252,3,29.0,10.4625,3,0,87.0,3.4874988375003872,0,0,1,0,0,1,0,0,0,0,0,0,1,0,0,1,0,0,0,1,0,0,0
253,1,62.0,26.55,1,1,62.0,26.549973450026553,1,0,1,0,1,0,0,0,1,0,0,0,0,0,0,0,1,0,0,0,0,1,0
254,3,30.0,16.1,2,0,90.0,8.049995975002012,1,0,1,0,1,0,0,0,0,0,0,0,0,0,1,0,1,0,0,1,0,0,0
255,3,41.0,20.2125,3,0,123.0,6.737497754167414,0,0,1,0,0,1,0,0,0,0,0,0,0,0,1,0,1,0,0,0,1,0,0
256,3,29.0,15.2458,3,0,87.0,5.08193163935612,0,0,0,0,0,1,0,0,0,0,0,0,0,0,1,0,1,0,0,1,0,0,1
257,1,57.8045,79.2,1,1,57.8045,79.19992080007921,0,0,0,0,0,1,0,0,0,0,0,0,0,0,1,0,0,1,0,0,1,0,1
258,1,30.0,86.5,1,1,30.0,86.4999135000865,0,0,1,1,0,0,0,1,0,0,0,0,0,0,0,0,0,1,0,1,0,0,1
259,1,35.0,512.3292,1,1,35.0,512.3286876713124,0,0,0,1,0,0,0,0,0,0,0,0,0,0,1,0,0,1,0,1,0,0,1
260,2,50.0,26.0,2,0,100.0,12.99999350000325,0,0,1,0,0,1,0,0,0,0,0,0,0,0,1,0,1,0,0,0,1,0,1
261,3,40.62484406565656,7.75,1,1,121.87453219696968,7.74999225000775,1,1,0,0,1,0,0,0,0,0,0,0,0,0,1,0,0,0,0,1,0,0,0
262,3,3.0,31.3875,7,0,9.0,4.483927930867439,1,0,1,0,0,0,0,0,0,0,0,0,0,0,1,0,0,1,0,0,0,0,1
263,1,52.0,79.65,3,0,52.0,26.54999115000295,1,0,1,0,1,0,0,0,0,0,1,0,0,0,0,0,0,1,0,0,1,0,0
264,1,40.0,0.0,1,1,40.0,0.0,1,0,1,0,1,0,0,1,0,0,0,0,0,0,0,0,0,0,0,1,0,0,0
265,3,26.363908542846033,7.75,1,1,79.0917256285381,7.74999225000775,0,1,0,1,0,0,0,0,0,0,0,0,0,0,1,0,0,0,0,1,0,0,0
266,2,36.0,10.5,1,1,72.0,10.499989500010502,1,0,1,0,1,0,0,0,0,0,0,0,0,0,1,1,0,0,0,1,0,0,0
267,3,16.0,39.6875,6,0,48.0,6.614582230902961,1,0,1,0,1,0,0,0,0,0,0,0,0,0,1,0,0,1,1,0,0,0,0
268,3,25.0,7.775,2,0,75.0,3.887498056250972,1,0,1,0,1,0,0,0,0,0,0,0,0,0,1,0,0,0,0,1,0,0,1
269,1,58.0,153.4625,2,0,58.0,76.73121163439419,0,0,1,0,0,1,0,0,1,0,0,0,0,0,0,0,0,1,0,0,1,0,1
270,1,35.0,135.6333,1,1,35.0,135.63316436683564,0,0,1,1,0,0,0,0,1,0,0,0,0,0,0,0,0,1,0,1,0,0,1
271,1,44.21674999999999,31.0,1,1,44.21674999999999,30.999969000031,1,0,1,0,1,0,0,0,0,0,0,0,0,0,1,0,1,0,0,0,1,0,0
272,3,25.0,0.0,1,1,75.0,0.0,1,0,1,0,1,0,0,0,0,0,0,0,0,0,1,0,0,0,0,1,0,0,1
273,2,41.0,19.5,2,0,82.0,9.749995125002437,0,0,1,0,0,1,0,0,0,0,0,0,0,0,1,0,1,0,0,0,1,0,1
274,1,37.0,29.7,2,0,37.0,14.84999257500371,1,0,0,0,1,0,0,0,1,0,0,0,0,0,0,0,1,0,0,1,0,0,0
275,3,26.363908542846033,7.75,1,1,79.0917256285381,7.74999225000775,0,1,0,1,0,0,0,0,0,0,0,0,0,0,1,0,0,0,0,1,0,0,1
276,1,63.0,77.9583,2,0,63.0,38.979130510434736,0,0,1,1,0,0,0,0,0,1,0,0,0,0,0,0,0,1,0,0,0,1,1
277,3,45.0,7.75,1,1,135.0,7.74999225000775,0,0,1,1,0,0,0,0,0,0,0,0,0,0,1,0,0,0,0,0,1,0,0
278,2,36.327481615641574,0.0,1,1,72.65496323128315,0.0,1,0,1,0,1,0,0,0,0,0,0,0,0,0,1,0,0,0,0,1,0,0,0
279,3,7.0,29.125,6,0,21.0,4.854165857639024,1,1,0,0,0,0,0,0,0,0,0,0,0,0,1,0,1,0,0,0,0,0,0
280,3,35.0,20.25,3,0,105.0,6.74999775000075,0,0,1,0,0,1,0,0,0,0,0,0,0,0,1,0,1,0,0,1,0,0,1
281,3,65.0,7.75,1,1,195.0,7.74999225000775,1,1,0,0,1,0,0,0,0,0,0,0,0,0,1,0,0,0,0,0,0,1,0
282,3,28.0,7.8542,1,1,84.0,7.854192145807854,1,0,1,0,1,0,0,0,0,0,0,0,0,0,1,0,0,0,0,1,0,0,0
283,3,16.0,9.5,1,1,48.0,9.4999905000095,1,0,1,0,1,0,0,0,0,0,0,0,0,0,1,1,0,0,1,0,0,0,0
284,3,19.0,8.05,1,1,57.0,8.049991950008051,1,0,1,0,1,0,0,0,0,0,0,0,0,0,1,1,0,0,1,0,0,0,1
285,1,47.60876623376622,26.0,1,1,47.60876623376622,25.999974000026,1,0,1,0,1,0,0,0,0,0,0,0,0,0,0,0,1,0,0,0,1,0,0
286,3,33.0,8.6625,1,1,99.0,8.662491337508662,1,0,0,0,1,0,0,0,0,0,0,0,0,0,1,1,0,0,0,1,0,0,0
287,3,30.0,9.5,1,1,90.0,9.4999905000095,1,0,1,0,1,0,0,0,0,0,0,0,0,0,1,1,0,0,0,1,0,0,1
288,3,22.0,7.8958,1,1,66.0,7.895792104207897,1,0,1,0,1,0,0,0,0,0,0,0,0,0,1,0,0,0,0,1,0,0,0
289,2,42.0,13.0,1,1,84.0,12.999987000013,1,0,1,0,1,0,0,0,0,0,0,0,0,0,1,1,0,0,0,0,1,0,1
290,3,22.0,7.75,1,1,66.0,7.74999225000775,0,1,0,1,0,0,0,0,0,0,0,0,0,0,1,0,0,0,0,1,0,0,1
291,1,26.0,78.85,1,1,26.0,78.84992115007886,0,0,1,1,0,0,0,0,0,0,0,0,0,0,1,0,0,1,0,1,0,0,1
292,1,19.0,91.0792,2,0,19.0,45.53957723021138,0,0,0,0,0,1,0,1,0,0,0,0,0,0,0,0,0,1,1,0,0,0,1
293,2,36.0,12.875,1,1,72.0,12.874987125012876,1,0,0,0,1,0,0,0,0,1,0,0,0,0,0,1,0,0,0,1,0,0,0
294,3,24.0,8.85,1,1,72.0,8.84999115000885,0,0,1,1,0,0,0,0,0,0,0,0,0,0,1,1,0,0,0,1,0,0,0
295,3,24.0,7.8958,1,1,72.0,7.895792104207897,1,0,1,0,1,0,0,0,0,0,0,0,0,0,1,0,0,0,0,1,0,0,0
296,1,30.6125,27.7208,1,1,30.6125,27.720772279227724,1,0,0,0,1,0,0,0,0,0,0,0,0,0,1,0,1,0,0,1,0,0,0
297,3,23.5,7.2292,1,1,70.5,7.229192770807229,1,0,0,0,1,0,0,0,0,0,0,0,0,0,1,0,0,0,0,1,0,0,0
298,1,2.0,151.55,4,0,2.0,37.88749052812737,0,0,1,1,0,0,0,0,1,0,0,0,0,0,0,0,0,1,0,0,0,0,0
299,1,42.029805555555534,30.5,1,1,42.029805555555534,30.499969500030502,1,0,1,0,1,0,0,0,1,0,0,0,0,0,0,0,1,0,0,0,1,0,1
300,1,50.0,247.5208,2,0,50.0,123.76033811983093,0,0,0,0,0,1,0,1,0,0,0,0,0,0,0,0,0,1,0,0,1,0,1
301,3,26.363908542846033,7.75,1,1,79.0917256285381,7.74999225000775,0,1,0,1,0,0,0,0,0,0,0,0,0,0,1,0,0,0,0,1,0,0,1
302,3,25.686624999999996,23.25,3,0,77.05987499999999,7.749997416667528,1,1,0,0,1,0,0,0,0,0,0,0,0,0,1,0,1,0,0,1,0,0,1
303,3,19.0,0.0,1,1,57.0,0.0,1,0,1,0,1,0,0,0,0,0,0,0,0,0,1,0,0,0,1,0,0,0,0
304,2,31.986466186591183,12.35,1,1,63.97293237318237,12.34998765001235,0,1,0,1,0,0,0,0,0,0,1,0,0,0,0,1,0,0,0,1,0,0,1
305,3,29.77810885753248,8.05,1,1,89.33432657259743,8.049991950008051,1,0,1,0,1,0,0,0,0,0,0,0,0,0,1,1,0,0,0,1,0,0,0
306,1,0.92,151.55,4,0,0.92,37.88749052812737,1,0,1,0,0,0,0,0,1,0,0,0,0,0,0,0,0,1,0,0,0,0,1
307,1,29.482666666666674,110.8833,1,1,29.482666666666674,110.8831891168109,0,0,0,1,0,0,0,0,0,0,0,0,0,0,1,0,0,1,0,1,0,0,1
308,1,17.0,108.9,2,0,17.0,54.44997277501361,0,0,0,0,0,1,0,0,1,0,0,0,0,0,0,0,0,1,1,0,0,0,1
309,2,30.0,24.0,2,0,60.0,11.999994000003,1,0,0,0,1,0,0,0,0,0,0,0,0,0,1,0,1,0,0,1,0,0,0
310,1,30.0,56.9292,1,1,30.0,56.92914307085694,0,0,0,1,0,0,0,0,0,0,1,0,0,0,0,0,0,1,0,1,0,0,1
311,1,24.0,83.1583,1,1,24.0,83.15821684178316,0,0,0,1,0,0,0,0,1,0,0,0,0,0,0,0,0,1,0,1,0,0,1
312,1,18.0,262.375,5,0,18.0,52.4749895050021,0,0,0,1,0,0,0,1,0,0,0,0,0,0,0,0,0,1,1,0,0,0,1
313,2,26.0,26.0,3,0,52.0,8.66666377777874,0,0,1,0,0,1,0,0,0,0,0,0,0,0,1,0,1,0,0,1,0,0,0
314,3,28.0,7.8958,1,1,84.0,7.895792104207897,1,0,1,0,1,0,0,0,0,0,0,0,0,0,1,0,0,0,0,1,0,0,0
315,2,43.0,26.25,3,0,86.0,8.749997083334305,1,0,1,0,1,0,0,0,0,0,0,0,0,0,1,0,1,0,0,0,1,0,0
316,3,26.0,7.8542,1,1,78.0,7.854192145807854,0,0,1,1,0,0,0,0,0,0,0,0,0,0,1,0,0,0,0,1,0,0,1
317,2,24.0,26.0,2,0,48.0,12.99999350000325,0,0,1,0,0,1,0,0,0,0,0,0,0,0,1,0,1,0,0,1,0,0,1
318,2,54.0,14.0,1,1,108.0,13.999986000014001,1,0,1,0,0,0,1,0,0,0,0,0,0,0,1,1,0,0,0,0,1,0,0
319,1,31.0,164.8667,3,0,31.0,54.95554834815055,0,0,1,1,0,0,0,0,1,0,0,0,0,0,0,0,0,1,0,1,0,0,1
320,1,40.0,134.5,3,0,40.0,44.833318388893865,0,0,0,0,0,1,0,0,0,0,1,0,0,0,0,0,0,1,0,1,0,0,1
321,3,22.0,7.25,1,1,66.0,7.249992750007251,1,0,1,0,1,0,0,0,0,0,0,0,0,0,1,0,0,0,0,1,0,0,0
322,3,27.0,7.8958,1,1,81.0,7.895792104207897,1,0,1,0,1,0,0,0,0,0,0,0,0,0,1,0,0,0,0,1,0,0,0
323,2,30.0,12.35,1,1,60.0,12.34998765001235,0,1,0,1,0,0,0,0,0,0,0,0,0,0,1,1,0,0,0,1,0,0,1
324,2,22.0,29.0,3,0,44.0,9.666663444445518,0,0,1,0,0,1,0,0,0,0,0,0,0,0,1,0,1,0,0,1,0,0,1
325,3,18.116380952380958,69.55,11,0,54.34914285714287,6.322726697933937,1,0,1,0,1,0,0,0,0,0,0,0,0,0,1,0,0,1,1,0,0,0,0
326,1,36.0,135.6333,1,1,36.0,135.63316436683564,0,0,0,1,0,0,0,0,1,0,0,0,0,0,0,0,0,1,0,1,0,0,1
327,3,61.0,6.2375,1,1,183.0,6.237493762506237,1,0,1,0,1,0,0,0,0,0,0,0,0,0,1,0,0,0,0,0,0,1,0
328,2,36.0,13.0,1,1,72.0,12.999987000013,0,0,1,0,0,1,0,0,0,1,0,0,0,0,0,1,0,0,0,1,0,0,1
329,3,31.0,20.525,3,0,93.0,6.84166438611187,0,0,1,0,0,1,0,0,0,0,0,0,0,0,1,0,1,0,0,1,0,0,1
330,1,16.0,57.9792,2,0,16.0,28.989585505207245,0,0,0,1,0,0,0,1,0,0,0,0,0,0,0,0,0,1,1,0,0,0,1
331,3,17.894291666666668,23.25,3,0,53.682875,7.749997416667528,0,1,0,1,0,0,0,0,0,0,0,0,0,0,1,0,1,0,1,0,0,0,1
332,1,45.5,28.5,1,1,45.5,28.4999715000285,1,0,1,0,1,0,0,0,1,0,0,0,0,0,0,0,1,0,0,0,1,0,0
333,1,38.0,153.4625,2,0,38.0,76.73121163439419,1,0,1,0,1,0,0,0,1,0,0,0,0,0,0,0,0,1,0,1,0,0,0
334,3,16.0,18.0,3,0,48.0,5.999998000000667,1,0,1,0,1,0,0,0,0,0,0,0,0,0,1,0,1,0,1,0,0,0,0
335,1,38.996,133.65,2,0,38.996,66.8249665875167,0,0,1,0,0,1,0,0,0,0,0,0,0,0,1,0,0,1,0,1,0,0,1
336,3,27.543020563624466,7.8958,1,1,82.6290616908734,7.895792104207897,1,0,1,0,1,0,0,0,0,0,0,0,0,0,1,0,0,0,0,1,0,0,0
337,1,29.0,66.6,2,0,29.0,33.29998335000832,1,0,1,0,1,0,0,0,1,0,0,0,0,0,0,0,0,1,0,1,0,0,0
338,1,41.0,134.5,1,1,41.0,134.49986550013452,0,0,0,1,0,0,0,0,0,0,1,0,0,0,0,0,0,1,0,0,1,0,1
339,3,45.0,8.05,1,1,135.0,8.049991950008051,1,0,1,0,1,0,0,0,0,0,0,0,0,0,1,1,0,0,0,0,1,0,1
340,1,45.0,35.5,1,1,45.0,35.4999645000355,1,0,1,0,1,0,0,0,0,0,0,0,0,1,0,0,0,1,0,0,1,0,0
341,2,2.0,26.0,3,0,4.0,8.66666377777874,1,0,1,0,0,0,0,0,0,0,0,1,0,0,0,0,1,0,0,0,0,0,1
342,1,24.0,263.0,6,0,24.0,43.833326027778995,0,0,1,1,0,0,0,0,1,0,0,0,0,0,0,0,0,1,0,1,0,0,1
343,2,28.0,13.0,1,1,56.0,12.999987000013,1,0,1,0,1,0,0,0,0,0,0,0,0,0,1,1,0,0,0,1,0,0,0
344,2,25.0,13.0,1,1,50.0,12.999987000013,1,0,1,0,1,0,0,0,0,0,0,0,0,0,1,1,0,0,0,1,0,0,0
345,2,36.0,13.0,1,1,72.0,12.999987000013,1,0,1,0,1,0,0,0,0,0,0,0,0,0,1,1,0,0,0,1,0,0,0
346,2,24.0,13.0,1,1,48.0,12.999987000013,0,0,1,1,0,0,0,0,0,0,0,1,0,0,0,1,0,0,0,1,0,0,1
347,2,40.0,13.0,1,1,80.0,12.999987000013,0,0,1,1,0,0,0,0,0,0,0,0,0,0,1,1,0,0,0,1,0,0,1
348,3,23.887416666666663,16.1,2,0,71.66224999999999,8.049995975002012,0,0,1,0,0,1,0,0,0,0,0,0,0,0,1,0,1,0,0,1,0,0,1
349,3,3.0,15.9,3,0,9.0,5.299998233333922,1,0,1,0,0,0,0,0,0,0,0,0,0,0,1,0,1,0,0,0,0,0,1
350,3,42.0,8.6625,1,1,126.0,8.662491337508662,1,0,1,0,1,0,0,0,0,0,0,0,0,0,1,1,0,0,0,0,1,0,0
351,3,23.0,9.225,1,1,69.0,9.224990775009225,1,0,1,0,1,0,0,0,0,0,0,0,0,0,1,1,0,0,0,1,0,0,0
352,1,49.455,35.0,1,1,49.455,34.999965000035004,1,0,1,0,1,0,0,0,1,0,0,0,0,0,0,0,0,1,0,0,1,0,0
353,3,15.0,7.2292,3,0,45.0,2.4097325300891566,1,0,0,0,1,0,0,0,0,0,0,0,0,0,1,0,0,0,1,0,0,0,0
354,3,25.0,17.8,2,0,75.0,8.899995550002224,1,0,1,0,1,0,0,0,0,0,0,0,0,0,1,0,1,0,0,1,0,0,0
355,3,27.256516612848362,7.225,1,1,81.76954983854509,7.224992775007225,1,0,0,0,1,0,0,0,0,0,0,0,0,0,1,0,0,0,0,1,0,0,0
356,3,28.0,9.5,1,1,84.0,9.4999905000095,1,0,1,0,1,0,0,0,0,0,0,0,0,0,1,1,0,0,0,1,0,0,0
357,1,22.0,55.0,2,0,22.0,27.499986250006874,0,0,1,1,0,0,0,0,0,0,1,0,0,0,0,0,0,1,0,1,0,0,1
358,2,38.0,13.0,1,1,76.0,12.999987000013,0,0,1,1,0,0,0,0,0,0,0,0,0,0,1,1,0,0,0,1,0,0,0
359,3,21.5250955988456,7.8792,1,1,64.5752867965368,7.87919212080788,0,1,0,1,0,0,0,0,0,0,0,0,0,0,1,0,0,0,0,1,0,0,1
360,3,21.5250955988456,7.8792,1,1,64.5752867965368,7.87919212080788,0,1,0,1,0,0,0,0,0,0,0,0,0,0,1,0,0,0,0,1,0,0,1
361,3,40.0,27.9,6,0,120.0,4.649999225000129,1,0,1,0,1,0,0,0,0,0,0,0,0,0,1,0,1,0,0,1,0,0,0
362,2,29.0,27.7208,2,0,58.0,13.860393069803465,1,0,0,0,1,0,0,0,0,0,0,0,0,0,1,0,1,0,0,1,0,0,0
363,3,45.0,14.4542,2,0,135.0,7.227096386451806,0,0,0,0,0,1,0,0,0,0,0,0,0,0,1,1,0,0,0,0,1,0,0
364,3,35.0,7.05,1,1,105.0,7.04999295000705,1,0,1,0,1,0,0,0,0,0,0,0,0,0,1,0,0,0,0,1,0,0,0
365,3,32.116593253968254,15.5,2,0,96.34977976190476,7.749996125001937,1,1,0,0,1,0,0,0,0,0,0,0,0,0,1,0,1,0,0,1,0,0,0
366,3,30.0,7.25,1,1,90.0,7.249992750007251,1,0,1,0,1,0,0,0,0,0,0,0,0,0,1,0,0,0,0,1,0,0,0
367,1,60.0,75.25,2,0,60.0,37.624981187509405,0,0,0,0,0,1,0,0,0,1,0,0,0,0,0,0,0,1,0,0,1,0,1
368,3,28.82,7.2292,1,1,86.46000000000001,7.229192770807229,0,0,0,0,0,1,0,0,0,0,0,0,0,0,1,0,0,0,0,1,0,0,1
369,3,26.363908542846033,7.75,1,1,79.0917256285381,7.74999225000775,0,1,0,1,0,0,0,0,0,0,0,0,0,0,1,0,0,0,0,1,0,0,1
370,1,24.0,69.3,1,1,24.0,69.2999307000693,0,0,0,0,0,1,0,1,0,0,0,0,0,0,0,0,0,1,0,1,0,0,1
371,1,25.0,55.4417,2,0,25.0,27.720836139581927,1,0,0,0,1,0,0,0,0,0,1,0,0,0,0,0,0,1,0,1,0,0,1
372,3,18.0,6.4958,2,0,54.0,3.2478983760508116,1,0,1,0,1,0,0,0,0,0,0,0,0,0,1,0,0,0,1,0,0,0,0
373,3,19.0,8.05,1,1,57.0,8.049991950008051,1,0,1,0,1,0,0,0,0,0,0,0,0,0,1,1,0,0,1,0,0,0,0
374,1,22.0,135.6333,1,1,22.0,135.63316436683564,1,0,0,0,1,0,0,0,0,0,0,0,0,0,1,0,0,1,0,1,0,0,0
375,3,3.0,21.075,5,0,9.0,4.214999157000168,0,0,1,1,0,0,0,0,0,0,0,0,0,0,1,0,1,0,0,0,0,0,0
376,1,34.941785714285714,82.1708,2,0,34.941785714285714,41.08537945731027,0,0,0,0,0,1,0,0,0,0,0,0,0,0,1,0,0,1,0,1,0,0,1
377,3,22.0,7.25,1,1,66.0,7.249992750007251,0,0,1,1,0,0,0,0,0,0,0,0,0,0,1,0,0,0,0,1,0,0,1
378,1,27.0,211.5,3,0,27.0,70.49997650000783,1,0,0,0,1,0,0,0,1,0,0,0,0,0,0,0,0,1,0,1,0,0,0
379,3,20.0,4.0125,1,1,60.0,4.012495987504013,1,0,0,0,1,0,0,0,0,0,0,0,0,0,1,0,0,0,1,0,0,0,0
380,3,19.0,7.775,1,1,57.0,7.774992225007776,1,0,1,0,1,0,0,0,0,0,0,0,0,0,1,0,0,0,1,0,0,0,0
381,1,42.0,227.525,1,1,42.0,227.52477247522754,0,0,0,1,0,0,0,0,0,0,0,0,0,0,1,0,0,1,0,0,1,0,1
382,3,1.0,15.7417,3,0,3.0,5.247231584256138,0,0,0,1,0,0,0,0,0,0,0,0,0,0,1,0,1,0,0,0,0,0,1
383,3,32.0,7.925,1,1,96.0,7.924992075007926,1,0,1,0,1,0,0,0,0,0,0,0,0,0,1,1,0,0,0,1,0,0,0
384,1,35.0,52.0,2,0,35.0,25.9999870000065,0,0,1,0,0,1,0,0,0,0,0,0,0,0,1,0,0,1,0,1,0,0,1
385,3,27.543020563624466,7.8958,1,1,82.6290616908734,7.895792104207897,1,0,1,0,1,0,0,0,0,0,0,0,0,0,1,0,0,0,0,1,0,0,0
386,2,18.0,73.5,1,1,36.0,73.4999265000735,1,0,1,0,1,0,0,0,0,0,0,0,0,0,1,0,0,1,1,0,0,0,0
387,3,1.0,46.9,8,0,3.0,5.862499267187592,1,0,1,0,0,0,0,0,0,0,0,0,0,0,1,0,0,1,0,0,0,0,0
388,2,36.0,13.0,1,1,72.0,12.999987000013,0,0,1,1,0,0,0,0,0,0,0,0,0,0,1,1,0,0,0,1,0,0,1
389,3,26.24761805555556,7.7292,1,1,78.74285416666667,7.729192270807729,1,1,0,0,1,0,0,0,0,0,0,0,0,0,1,0,0,0,0,1,0,0,0
390,2,17.0,12.0,1,1,34.0,11.999988000012001,0,0,0,1,0,0,0,0,0,0,0,0,0,0,1,1,0,0,1,0,0,0,1
391,1,36.0,120.0,4,0,36.0,29.999992500001873,1,0,1,0,1,0,0,1,0,0,0,0,0,0,0,0,0,1,0,1,0,0,1
392,3,21.0,7.7958,1,1,63.0,7.795792204207796,1,0,1,0,1,0,0,0,0,0,0,0,0,0,1,0,0,0,0,1,0,0,1
393,3,28.0,7.925,3,0,84.0,2.6416657861114046,1,0,1,0,1,0,0,0,0,0,0,0,0,0,1,1,0,0,0,1,0,0,0
394,1,23.0,113.275,2,0,23.0,56.63747168126416,0,0,0,1,0,0,0,0,0,1,0,0,0,0,0,0,0,1,0,1,0,0,1
395,3,24.0,16.7,3,0,72.0,5.566664811111729,0,0,1,0,0,1,0,0,0,0,0,0,1,0,0,0,1,0,0,1,0,0,1
396,3,22.0,7.7958,1,1,66.0,7.795792204207796,1,0,1,0,1,0,0,0,0,0,0,0,0,0,1,0,0,0,0,1,0,0,0
397,3,31.0,7.8542,1,1,93.0,7.854192145807854,0,0,1,1,0,0,0,0,0,0,0,0,0,0,1,0,0,0,0,1,0,0,0
398,2,46.0,26.0,1,1,92.0,25.999974000026,1,0,1,0,1,0,0,0,0,0,0,0,0,0,1,0,1,0,0,0,1,0,0
399,2,23.0,10.5,1,1,46.0,10.499989500010502,1,0,1,0,0,0,1,0,0,0,0,0,0,0,1,1,0,0,0,1,0,0,0
400,2,28.0,12.65,1,1,56.0,12.649987350012651,0,0,1,0,0,1,0,0,0,0,0,0,0,0,1,1,0,0,0,1,0,0,1
401,3,39.0,7.925,1,1,117.0,7.924992075007926,1,0,1,0,1,0,0,0,0,0,0,0,0,0,1,1,0,0,0,1,0,0,1
402,3,26.0,8.05,1,1,78.0,8.049991950008051,1,0,1,0,1,0,0,0,0,0,0,0,0,0,1,1,0,0,0,1,0,0,0
403,3,21.0,9.825,2,0,63.0,4.912497543751227,0,0,1,1,0,0,0,0,0,0,0,0,0,0,1,1,0,0,0,1,0,0,0
404,3,28.0,15.85,2,0,84.0,7.92499603750198,1,0,1,0,1,0,0,0,0,0,0,0,0,0,1,0,1,0,0,1,0,0,0
405,3,20.0,8.6625,1,1,60.0,8.662491337508662,0,0,1,1,0,0,0,0,0,0,0,0,0,0,1,1,0,0,1,0,0,0,0
406,2,34.0,21.0,2,0,68.0,10.499994750002624,1,0,1,0,1,0,0,0,0,0,0,0,0,0,1,0,1,0,0,1,0,0,0
407,3,51.0,7.75,1,1,153.0,7.74999225000775,1,0,1,0,1,0,0,0,0,0,0,0,0,0,1,0,0,0,0,0,1,0,0
408,2,3.0,18.75,3,0,6.0,6.249997916667361,1,0,1,0,0,0,0,0,0,0,0,0,0,0,1,0,1,0,0,0,0,0,1
409,3,21.0,7.775,1,1,63.0,7.774992225007776,1,0,1,0,1,0,0,0,0,0,0,0,0,0,1,0,0,0,0,1,0,0,0
410,3,6.715547619047616,25.4667,5,0,20.146642857142847,5.093338981332203,0,0,1,1,0,0,0,0,0,0,0,0,0,0,1,0,1,0,0,0,0,0,0
411,3,27.543020563624466,7.8958,1,1,82.6290616908734,7.895792104207897,1,0,1,0,1,0,0,0,0,0,0,0,0,0,1,0,0,0,0,1,0,0,0
412,3,22.41790180652681,6.8583,1,1,67.25370541958043,6.858293141706858,1,1,0,0,1,0,0,0,0,0,0,0,0,0,1,0,0,0,0,1,0,0,0
413,1,33.0,90.0,2,0,33.0,44.99997750001125,0,1,0,1,0,0,0,0,1,0,0,0,0,0,0,0,0,1,0,1,0,0,1
414,2,36.327481615641574,0.0,1,1,72.65496323128315,0.0,1,0,1,0,1,0,0,0,0,0,0,0,0,0,1,0,0,0,0,1,0,0,0
415,3,44.0,7.925,1,1,132.0,7.924992075007926,1,0,1,0,1,0,0,0,0,0,0,0,0,0,1,1,0,0,0,0,1,0,1
416,3,33.57400729646698,8.05,1,1,100.72202188940093,8.049991950008051,0,0,1,0,0,1,0,0,0,0,0,0,0,0,1,1,0,0,0,1,0,0,0
417,2,34.0,32.5,3,0,68.0,10.833329722223425,0,0,1,0,0,1,0,0,0,0,0,0,0,0,1,0,0,1,0,1,0,0,1
418,2,18.0,13.0,3,0,36.0,4.33333188888937,0,0,1,1,0,0,0,0,0,0,0,0,0,0,1,1,0,0,1,0,0,0,1
419,2,30.0,13.0,1,1,60.0,12.999987000013,1,0,1,0,1,0,0,0,0,0,0,0,0,0,1,1,0,0,0,1,0,0,0
420,3,10.0,24.15,3,0,30.0,8.049997316667561,0,0,1,1,0,0,0,0,0,0,0,0,0,0,1,0,1,0,0,0,0,0,0
421,3,32.18411624649859,7.8958,1,1,96.55234873949577,7.895792104207897,1,0,0,0,1,0,0,0,0,0,0,0,0,0,1,0,0,0,0,1,0,0,0
422,3,21.0,7.7333,1,1,63.0,7.733292266707734,1,1,0,0,1,0,0,0,0,0,0,0,0,0,1,0,0,0,0,1,0,0,0
423,3,29.0,7.875,1,1,87.0,7.874992125007876,1,0,1,0,1,0,0,0,0,0,0,0,0,0,1,0,0,0,0,1,0,0,0
424,3,28.0,14.4,3,0,84.0,4.799998400000534,0,0,1,0,0,1,0,0,0,0,0,0,0,0,1,1,0,0,0,1,0,0,0
425,3,18.0,20.2125,3,0,54.0,6.737497754167414,1,0,1,0,1,0,0,0,0,0,0,0,0,0,1,0,1,0,1,0,0,0,0
426,3,31.842968437414847,7.25,1,1,95.52890531224455,7.249992750007251,1,0,1,0,1,0,0,0,0,0,0,0,0,0,1,0,0,0,0,1,0,0,0
427,2,28.0,26.0,2,0,56.0,12.99999350000325,0,0,1,0,0,1,0,0,0,0,0,0,0,0,1,0,1,0,0,1,0,0,1
428,2,19.0,26.0,1,1,38.0,25.999974000026,0,0,1,1,0,0,0,0,0,0,0,0,0,0,1,0,1,0,1,0,0,0,1
429,3,40.62484406565656,7.75,1,1,121.87453219696968,7.74999225000775,1,1,0,0,1,0,0,0,0,0,0,0,0,0,1,0,0,0,0,1,0,0,0
430,3,32.0,8.05,1,1,96.0,8.049991950008051,1,0,1,0,1,0,0,0,0,0,1,0,0,0,0,1,0,0,0,1,0,0,1
431,1,28.0,26.55,1,1,28.0,26.549973450026553,1,0,1,0,1,0,0,0,1,0,0,0,0,0,0,0,1,0,0,1,0,0,1
432,3,23.887416666666663,16.1,2,0,71.66224999999999,8.049995975002012,0,0,1,0,0,1,0,0,0,0,0,0,0,0,1,0,1,0,0,1,0,0,1
433,2,42.0,26.0,2,0,84.0,12.99999350000325,0,0,1,0,0,1,0,0,0,0,0,0,0,0,1,0,1,0,0,0,1,0,1
434,3,17.0,7.125,1,1,51.0,7.124992875007125,1,0,1,0,1,0,0,0,0,0,0,0,0,0,1,0,0,0,1,0,0,0,0
435,1,50.0,55.9,2,0,50.0,27.949986025006986,1,0,1,0,1,0,0,0,0,0,1,0,0,0,0,0,0,1,0,0,1,0,0
436,1,14.0,120.0,4,0,14.0,29.999992500001873,0,0,1,1,0,0,0,1,0,0,0,0,0,0,0,0,0,1,1,0,0,0,1
437,3,21.0,34.375,5,0,63.0,6.874998625000274,0,0,1,1,0,0,0,0,0,0,0,0,0,0,1,0,0,1,0,1,0,0,0
438,2,24.0,18.75,6,0,48.0,3.1249994791667532,0,0,1,0,0,1,0,0,0,0,0,0,0,0,1,0,1,0,0,1,0,0,1
439,1,64.0,263.0,6,0,64.0,43.833326027778995,1,0,1,0,1,0,0,0,1,0,0,0,0,0,0,0,0,1,0,0,0,1,0
440,2,31.0,10.5,1,1,62.0,10.499989500010502,1,0,1,0,1,0,0,0,0,0,0,0,0,0,1,1,0,0,0,1,0,0,0
441,2,45.0,26.25,3,0,90.0,8.749997083334305,0,0,1,0,0,1,0,0,0,0,0,0,0,0,1,0,1,0,0,0,1,0,1
442,3,20.0,9.5,1,1,60.0,9.4999905000095,1,0,1,0,1,0,0,0,0,0,0,0,0,0,1,1,0,0,1,0,0,0,0
443,3,25.0,7.775,2,0,75.0,3.887498056250972,1,0,1,0,1,0,0,0,0,0,0,0,0,0,1,0,0,0,0,1,0,0,0
444,2,28.0,13.0,1,1,56.0,12.999987000013,0,0,1,1,0,0,0,0,0,0,0,0,0,0,1,1,0,0,0,1,0,0,1
445,3,23.358686347042003,8.1125,1,1,70.076059041126,8.112491887508114,1,0,1,0,1,0,0,0,0,0,0,0,0,0,1,1,0,0,0,1,0,0,1
446,1,4.0,81.8583,3,0,4.0,27.286090904636364,1,0,1,0,0,0,0,0,0,0,0,0,0,0,0,0,0,1,0,0,0,0,1
447,2,13.0,19.5,2,0,26.0,9.749995125002437,0,0,1,1,0,0,0,0,0,0,0,0,0,0,1,0,1,0,1,0,0,0,1
448,1,34.0,26.55,1,1,34.0,26.549973450026553,1,0,1,0,1,0,0,0,0,0,0,0,0,0,1,0,1,0,0,1,0,0,1
449,3,5.0,19.2583,4,0,15.0,4.814573796356551,0,0,0,1,0,0,0,0,0,0,0,0,0,0,1,0,1,0,0,0,0,0,1
450,1,52.0,30.5,1,1,52.0,30.499969500030502,1,0,1,0,0,0,1,0,1,0,0,0,0,0,0,0,1,0,0,0,1,0,1
451,2,36.0,27.75,4,0,72.0,6.937498265625433,1,0,1,0,1,0,0,0,0,0,0,0,0,0,1,0,1,0,0,1,0,0,0
452,3,24.846595238095237,19.9667,2,0,74.53978571428571,9.983345008327495,1,0,1,0,1,0,0,0,0,0,0,0,0,0,1,0,1,0,0,1,0,0,0
453,1,30.0,27.75,1,1,30.0,27.749972250027753,1,0,0,0,1,0,0,0,1,0,0,0,0,0,0,0,1,0,0,1,0,0,0
454,1,49.0,89.1042,2,0,49.0,44.55207772396114,1,0,0,0,1,0,0,0,1,0,0,0,0,0,0,0,0,1,0,0,1,0,1
455,3,29.77810885753248,8.05,1,1,89.33432657259743,8.049991950008051,1,0,1,0,1,0,0,0,0,0,0,0,0,0,1,1,0,0,0,1,0,0,0
456,3,29.0,7.8958,1,1,87.0,7.895792104207897,1,0,0,0,1,0,0,0,0,0,0,0,0,0,1,0,0,0,0,1,0,0,1
457,1,65.0,26.55,1,1,65.0,26.549973450026553,1,0,1,0,1,0,0,0,0,0,1,0,0,0,0,0,1,0,0,0,0,1,0
458,1,41.592333333333336,51.8625,2,0,41.592333333333336,25.93123703438148,0,0,1,0,0,1,0,0,0,1,0,0,0,0,0,0,0,1,0,0,1,0,1
459,2,50.0,10.5,1,1,100.0,10.499989500010502,0,0,1,1,0,0,0,0,0,0,0,0,0,0,1,1,0,0,0,0,1,0,1
460,3,40.62484406565656,7.75,1,1,121.87453219696968,7.74999225000775,1,1,0,0,1,0,0,0,0,0,0,0,0,0,1,0,0,0,0,1,0,0,0
461,1,48.0,26.55,1,1,48.0,26.549973450026553,1,0,1,0,1,0,0,0,0,0,1,0,0,0,0,0,1,0,0,0,1,0,1
462,3,34.0,8.05,1,1,102.0,8.049991950008051,1,0,1,0,1,0,0,0,0,0,0,0,0,0,1,1,0,0,0,1,0,0,0
463,1,47.0,38.5,1,1,47.0,38.4999615000385,1,0,1,0,1,0,0,0,0,0,1,0,0,0,0,0,0,1,0,0,1,0,0
464,2,48.0,13.0,1,1,96.0,12.999987000013,1,0,1,0,1,0,0,0,0,0,0,0,0,0,1,1,0,0,0,0,1,0,0
465,3,29.77810885753248,8.05,1,1,89.33432657259743,8.049991950008051,1,0,1,0,1,0,0,0,0,0,0,0,0,0,1,1,0,0,0,1,0,0,0
466,3,38.0,7.05,1,1,114.0,7.04999295000705,1,0,1,0,1,0,0,0,0,0,0,0,0,0,1,0,0,0,0,1,0,0,0
467,2,36.327481615641574,0.0,1,1,72.65496323128315,0.0,1,0,1,0,1,0,0,0,0,0,0,0,0,0,1,0,0,0,0,1,0,0,0
468,1,56.0,26.55,1,1,56.0,26.549973450026553,1,0,1,0,1,0,0,0,0,0,0,0,0,0,1,0,1,0,0,0,1,0,0
469,3,26.24761805555556,7.725,1,1,78.74285416666667,7.724992275007725,1,1,0,0,1,0,0,0,0,0,0,0,0,0,1,0,0,0,0,1,0,0,0
470,3,0.75,19.2583,4,0,2.25,4.814573796356551,0,0,0,1,0,0,0,0,0,0,0,0,0,0,1,0,1,0,0,0,0,0,1
471,3,31.842968437414847,7.25,1,1,95.52890531224455,7.249992750007251,1,0,1,0,1,0,0,0,0,0,0,0,0,0,1,0,0,0,0,1,0,0,0
472,3,38.0,8.6625,1,1,114.0,8.662491337508662,1,0,1,0,1,0,0,0,0,0,0,0,0,0,1,1,0,0,0,1,0,0,0
473,2,33.0,27.75,4,0,66.0,6.937498265625433,0,0,1,0,0,1,0,0,0,0,0,0,0,0,1,0,1,0,0,1,0,0,1
474,2,23.0,13.7917,1,1,46.0,13.791686208313793,0,0,0,0,0,1,0,0,0,1,0,0,0,0,0,1,0,0,0,1,0,0,1
475,3,22.0,9.8375,1,1,66.0,9.83749016250984,0,0,1,1,0,0,0,0,0,0,0,0,0,0,1,1,0,0,0,1,0,0,0
476,1,45.47269047619048,52.0,1,1,45.47269047619048,51.999948000052,1,0,1,0,1,0,0,0,0,0,0,0,0,0,0,0,0,1,0,0,1,0,0
477,2,34.0,21.0,2,0,68.0,10.499994750002624,1,0,1,0,1,0,0,0,0,0,0,0,0,0,1,0,1,0,0,1,0,0,0
478,3,29.0,7.0458,2,0,87.0,3.5228982385508805,1,0,1,0,1,0,0,0,0,0,0,0,0,0,1,0,0,0,0,1,0,0,0
479,3,22.0,7.5208,1,1,66.0,7.520792479207522,1,0,1,0,1,0,0,0,0,0,0,0,0,0,1,0,0,0,0,1,0,0,0
480,3,2.0,12.2875,2,0,6.0,6.143746928126535,0,0,1,1,0,0,0,0,0,0,0,0,0,0,1,1,0,0,0,0,0,0,1
481,3,9.0,46.9,8,0,27.0,5.862499267187592,1,0,1,0,0,0,0,0,0,0,0,0,0,0,1,0,0,1,0,0,0,0,0
482,2,36.327481615641574,0.0,1,1,72.65496323128315,0.0,1,0,1,0,1,0,0,0,0,0,0,0,0,0,1,0,0,0,0,1,0,0,0
483,3,50.0,8.05,1,1,150.0,8.049991950008051,1,0,1,0,1,0,0,0,0,0,0,0,0,0,1,1,0,0,0,0,1,0,0
484,3,63.0,9.5875,1,1,189.0,9.587490412509588,0,0,1,0,0,1,0,0,0,0,0,0,0,0,1,1,0,0,0,0,0,1,1
485,1,25.0,91.0792,2,0,25.0,45.53957723021138,1,0,0,0,1,0,0,1,0,0,0,0,0,0,0,0,0,1,0,1,0,0,1
486,3,6.715547619047616,25.4667,5,0,20.146642857142847,5.093338981332203,0,0,1,1,0,0,0,0,0,0,0,0,0,0,1,0,1,0,0,0,0,0,0
487,1,35.0,90.0,2,0,35.0,44.99997750001125,0,0,1,0,0,1,0,0,1,0,0,0,0,0,0,0,0,1,0,1,0,0,1
488,1,58.0,29.7,1,1,58.0,29.6999703000297,1,0,0,0,1,0,0,1,0,0,0,0,0,0,0,0,1,0,0,0,1,0,0
489,3,30.0,8.05,1,1,90.0,8.049991950008051,1,0,1,0,1,0,0,0,0,0,0,0,0,0,1,1,0,0,0,1,0,0,0
490,3,9.0,15.9,3,0,27.0,5.299998233333922,1,0,1,0,0,0,0,0,0,0,0,0,0,0,1,0,1,0,0,0,0,0,1
491,3,24.846595238095237,19.9667,2,0,74.53978571428571,9.983345008327495,1,0,1,0,1,0,0,0,0,0,0,0,0,0,1,0,1,0,0,1,0,0,0
492,3,21.0,7.25,1,1,63.0,7.249992750007251,1,0,1,0,1,0,0,0,0,0,0,0,0,0,1,0,0,0,0,1,0,0,0
493,1,55.0,30.5,1,1,55.0,30.499969500030502,1,0,1,0,1,0,0,0,1,0,0,0,0,0,0,0,1,0,0,0,1,0,0
494,1,71.0,49.5042,1,1,71.0,49.50415049584951,1,0,0,0,1,0,0,0,0,0,0,0,0,0,1,0,0,1,0,0,0,1,0
495,3,21.0,8.05,1,1,63.0,8.049991950008051,1,0,1,0,1,0,0,0,0,0,0,0,0,0,1,1,0,0,0,1,0,0,0
496,3,28.695075396825402,14.4583,1,1,86.0852261904762,14.458285541714458,1,0,0,0,1,0,0,0,0,0,0,0,0,0,1,0,1,0,0,1,0,0,0
497,1,54.0,78.2667,2,0,54.0,39.133330433334784,0,0,0,1,0,0,0,0,0,1,0,0,0,0,0,0,0,1,0,0,1,0,1
498,3,37.391875,15.1,1,1,112.175625,15.099984900015102,1,0,1,0,1,0,0,0,0,0,0,0,0,0,1,0,1,0,0,1,0,0,0
499,1,25.0,151.55,4,0,25.0,37.88749052812737,0,0,1,0,0,1,0,0,1,0,0,0,0,0,0,0,0,1,0,1,0,0,0
500,3,24.0,7.7958,1,1,72.0,7.795792204207796,1,0,1,0,1,0,0,0,0,0,0,0,0,0,1,0,0,0,0,1,0,0,0
501,3,17.0,8.6625,1,1,51.0,8.662491337508662,1,0,1,0,1,0,0,0,0,0,0,0,0,0,1,1,0,0,1,0,0,0,0
502,3,21.0,7.75,1,1,63.0,7.74999225000775,0,1,0,1,0,0,0,0,0,0,0,0,0,0,1,0,0,0,0,1,0,0,0
503,3,26.158541666666668,7.6292,1,1,78.47562500000001,7.62919237080763,0,1,0,1,0,0,0,0,0,0,0,0,0,0,1,0,0,0,0,1,0,0,0
504,3,37.0,9.5875,1,1,111.0,9.587490412509588,0,0,1,1,0,0,0,0,0,0,0,0,0,0,1,1,0,0,0,1,0,0,0
505,1,16.0,86.5,1,1,16.0,86.4999135000865,0,0,1,1,0,0,0,1,0,0,0,0,0,0,0,0,0,1,1,0,0,0,1
506,1,18.0,108.9,2,0,18.0,54.44997277501361,1,0,0,0,1,0,0,0,1,0,0,0,0,0,0,0,0,1,1,0,0,0,0
507,2,33.0,26.0,3,0,66.0,8.66666377777874,0,0,1,0,0,1,0,0,0,0,0,0,0,0,1,0,1,0,0,1,0,0,1
508,1,46.98519171095931,26.55,1,1,46.98519171095931,26.549973450026553,1,0,1,0,1,0,0,0,0,0,0,0,0,0,1,0,1,0,0,0,1,0,1
509,3,28.0,22.525,1,1,84.0,22.524977475022524,1,0,1,0,1,0,0,0,0,0,0,0,0,0,1,0,1,0,0,1,0,0,0
510,3,26.0,56.4958,1,1,78.0,56.4957435042565,1,0,1,0,1,0,0,0,0,0,0,0,0,0,1,0,0,1,0,1,0,0,1
511,3,29.0,7.75,1,1,87.0,7.74999225000775,1,1,0,0,1,0,0,0,0,0,0,0,0,0,1,0,0,0,0,1,0,0,1
512,3,29.77810885753248,8.05,1,1,89.33432657259743,8.049991950008051,1,0,1,0,1,0,0,0,0,0,0,0,0,0,1,1,0,0,0,1,0,0,0
513,1,36.0,26.2875,1,1,36.0,26.287473712526293,1,0,1,0,1,0,0,0,0,0,1,0,0,0,0,0,1,0,0,1,0,0,1
514,1,54.0,59.4,2,0,54.0,29.69998515000742,0,0,0,0,0,1,0,0,0,0,0,0,0,0,1,0,0,1,0,0,1,0,1
515,3,24.0,7.4958,1,1,72.0,7.495792504207496,1,0,1,0,1,0,0,0,0,0,0,0,0,0,1,0,0,0,0,1,0,0,0
516,1,47.0,34.0208,1,1,47.0,34.02076597923403,1,0,1,0,1,0,0,0,0,1,0,0,0,0,0,0,0,1,0,0,1,0,0
517,2,34.0,10.5,1,1,68.0,10.499989500010502,0,0,1,0,0,1,0,0,0,0,0,1,0,0,0,1,0,0,0,1,0,0,1
518,3,30.494791666666657,24.15,1,1,91.48437499999997,24.149975850024152,1,1,0,0,1,0,0,0,0,0,0,0,0,0,1,0,1,0,0,1,0,0,0
519,2,36.0,26.0,2,0,72.0,12.99999350000325,0,0,1,0,0,1,0,0,0,0,0,0,0,0,1,0,1,0,0,1,0,0,1
520,3,32.0,7.8958,1,1,96.0,7.895792104207897,1,0,1,0,1,0,0,0,0,0,0,0,0,0,1,0,0,0,0,1,0,0,0
521,1,30.0,93.5,1,1,30.0,93.4999065000935,0,0,1,1,0,0,0,1,0,0,0,0,0,0,0,0,0,1,0,1,0,0,1
522,3,22.0,7.8958,1,1,66.0,7.895792104207897,1,0,1,0,1,0,0,0,0,0,0,0,0,0,1,0,0,0,0,1,0,0,0
523,3,27.256516612848362,7.225,1,1,81.76954983854509,7.224992775007225,1,0,0,0,1,0,0,0,0,0,0,0,0,0,1,0,0,0,0,1,0,0,0
524,1,44.0,57.9792,2,0,44.0,28.989585505207245,0,0,0,0,0,1,0,1,0,0,0,0,0,0,0,0,0,1,0,0,1,0,1
525,3,23.90057433064013,7.2292,1,1,71.70172299192039,7.229192770807229,1,0,0,0,1,0,0,0,0,0,0,0,0,0,1,0,0,0,0,1,0,0,0
526,3,40.5,7.75,1,1,121.5,7.74999225000775,1,1,0,0,1,0,0,0,0,0,0,0,0,0,1,0,0,0,0,1,0,0,0
527,2,50.0,10.5,1,1,100.0,10.499989500010502,0,0,1,1,0,0,0,0,0,0,0,0,0,0,1,1,0,0,0,0,1,0,1
528,1,38.56,221.7792,1,1,38.56,221.7789782210218,1,0,1,0,1,0,0,0,1,0,0,0,0,0,0,0,0,1,0,1,0,0,0
529,3,39.0,7.925,1,1,117.0,7.924992075007926,1,0,1,0,1,0,0,0,0,0,0,0,0,0,1,1,0,0,0,1,0,0,0
530,2,23.0,11.5,4,0,46.0,2.8749992812501795,1,0,1,0,1,0,0,0,0,0,0,0,0,0,1,1,0,0,0,1,0,0,0
531,2,2.0,26.0,3,0,4.0,8.66666377777874,0,0,1,1,0,0,0,0,0,0,0,0,0,0,1,0,1,0,0,0,0,0,1
532,3,23.90057433064013,7.2292,1,1,71.70172299192039,7.229192770807229,1,0,0,0,1,0,0,0,0,0,0,0,0,0,1,0,0,0,0,1,0,0,0
533,3,17.0,7.2292,3,0,51.0,2.4097325300891566,1,0,0,0,1,0,0,0,0,0,0,0,0,0,1,0,0,0,1,0,0,0,0
534,3,30.13166666666667,22.3583,3,0,90.39500000000001,7.452764182411939,0,0,0,0,0,1,0,0,0,0,0,0,0,0,1,0,1,0,0,1,0,0,1
535,3,30.0,8.6625,1,1,90.0,8.662491337508662,0,0,1,1,0,0,0,0,0,0,0,0,0,0,1,1,0,0,0,1,0,0,0
536,2,7.0,26.25,3,0,14.0,8.749997083334305,0,0,1,1,0,0,0,0,0,0,0,0,0,0,1,0,1,0,0,0,0,0,1
537,1,45.0,26.55,1,1,45.0,26.549973450026553,1,0,1,0,0,0,1,1,0,0,0,0,0,0,0,0,1,0,0,0,1,0,0
538,1,30.0,106.425,1,1,30.0,106.42489357510642,0,0,0,1,0,0,0,0,0,0,0,0,0,0,1,0,0,1,0,1,0,0,1
539,3,29.00041666666667,14.5,1,1,87.00125000000001,14.499985500014501,1,0,1,0,1,0,0,0,0,0,0,0,0,0,1,0,1,0,0,1,0,0,0
540,1,22.0,49.5,3,0,22.0,16.499994500001833,0,0,0,1,0,0,0,1,0,0,0,0,0,0,0,0,0,1,0,1,0,0,1
541,1,36.0,71.0,3,0,36.0,23.666658777780405,0,0,1,1,0,0,0,1,0,0,0,0,0,0,0,0,0,1,0,1,0,0,1
542,3,9.0,31.275,7,0,27.0,4.467856504591928,0,0,1,1,0,0,0,0,0,0,0,0,0,0,1,0,1,0,0,0,0,0,0
543,3,11.0,31.275,7,0,33.0,4.467856504591928,0,0,1,1,0,0,0,0,0,0,0,0,0,0,1,0,1,0,0,0,0,0,0
544,2,32.0,26.0,2,0,64.0,12.99999350000325,1,0,1,0,1,0,0,0,0,0,0,0,0,0,1,0,1,0,0,1,0,0,1
545,1,50.0,106.425,2,0,50.0,53.2124733937633,1,0,0,0,1,0,0,0,1,0,0,0,0,0,0,0,0,1,0,0,1,0,0
546,1,64.0,26.0,1,1,64.0,25.999974000026,1,0,1,0,1,0,0,0,0,0,0,0,0,0,1,0,1,0,0,0,0,1,0
547,2,19.0,26.0,2,0,38.0,12.99999350000325,0,0,1,0,0,1,0,0,0,0,0,0,0,0,1,0,1,0,1,0,0,0,1
548,2,24.124952380952383,13.8625,1,1,48.249904761904766,13.862486137513864,1,0,0,0,1,0,0,0,0,0,0,0,0,0,1,1,0,0,0,1,0,0,1
549,3,33.0,20.525,3,0,99.0,6.84166438611187,1,0,1,0,1,0,0,0,0,0,0,0,0,0,1,0,1,0,0,1,0,0,0
550,2,8.0,36.75,3,0,16.0,12.249995916668027,1,0,1,0,0,0,0,0,0,0,0,0,0,0,1,0,0,1,0,0,0,0,1
551,1,17.0,110.8833,3,0,17.0,36.96108767963744,1,0,0,0,1,0,0,0,1,0,0,0,0,0,0,0,0,1,1,0,0,0,1
552,2,27.0,26.0,1,1,54.0,25.999974000026,1,0,1,0,1,0,0,0,0,0,0,0,0,0,1,0,1,0,0,1,0,0,0
553,3,31.934684371184375,7.8292,1,1,95.80405311355312,7.82919217080783,1,1,0,0,1,0,0,0,0,0,0,0,0,0,1,0,0,0,0,1,0,0,0
554,3,22.0,7.225,1,1,66.0,7.224992775007225,1,0,0,0,1,0,0,0,0,0,0,0,0,0,1,0,0,0,0,1,0,0,1
555,3,22.0,7.775,1,1,66.0,7.774992225007776,0,0,1,1,0,0,0,0,0,0,0,0,0,0,1,0,0,0,0,1,0,0,1
556,1,62.0,26.55,1,1,62.0,26.549973450026553,1,0,1,0,1,0,0,0,0,0,0,0,0,0,1,0,1,0,0,0,0,1,0
557,1,48.0,39.6,2,0,48.0,19.799990100004948,0,0,0,0,0,0,1,0,0,0,0,0,0,0,0,0,0,1,0,0,1,0,1
558,1,36.487547619047625,227.525,1,1,36.487547619047625,227.52477247522754,1,0,0,0,1,0,0,0,0,0,0,0,0,0,1,0,0,1,0,1,0,0,0
559,1,39.0,79.65,3,0,39.0,26.54999115000295,0,0,1,0,0,1,0,0,0,0,1,0,0,0,0,0,0,1,0,1,0,0,1
560,3,36.0,17.4,2,0,108.0,8.699995650002174,0,0,1,0,0,1,0,0,0,0,0,0,0,0,1,0,1,0,0,1,0,0,1
561,3,40.62484406565656,7.75,1,1,121.87453219696968,7.74999225000775,1,1,0,0,1,0,0,0,0,0,0,0,0,0,1,0,0,0,0,1,0,0,0
562,3,40.0,7.8958,1,1,120.0,7.895792104207897,1,0,1,0,1,0,0,0,0,0,0,0,0,0,1,0,0,0,0,1,0,0,0
563,2,28.0,13.5,1,1,56.0,13.4999865000135,1,0,1,0,1,0,0,0,0,0,0,0,0,0,1,1,0,0,0,1,0,0,0
564,3,29.77810885753248,8.05,1,1,89.33432657259743,8.049991950008051,1,0,1,0,1,0,0,0,0,0,0,0,0,0,1,1,0,0,0,1,0,0,0
565,3,21.26999539170507,8.05,1,1,63.80998617511521,8.049991950008051,0,0,1,1,0,0,0,0,0,0,0,0,0,0,1,1,0,0,0,1,0,0,0
566,3,24.0,24.15,3,0,72.0,8.049997316667561,1,0,1,0,1,0,0,0,0,0,0,0,0,0,1,0,1,0,0,1,0,0,0
567,3,19.0,7.8958,1,1,57.0,7.895792104207897,1,0,1,0,1,0,0,0,0,0,0,0,0,0,1,0,0,0,1,0,0,0,0
568,3,29.0,21.075,5,0,87.0,4.214999157000168,0,0,1,0,0,1,0,0,0,0,0,0,0,0,1,0,1,0,0,1,0,0,0
569,3,23.90057433064013,7.2292,1,1,71.70172299192039,7.229192770807229,1,0,0,0,1,0,0,0,0,0,0,0,0,0,1,0,0,0,0,1,0,0,0
570,3,32.0,7.8542,1,1,96.0,7.854192145807854,1,0,1,0,1,0,0,0,0,0,0,0,0,0,1,0,0,0,0,1,0,0,1
571,2,62.0,10.5,1,1,124.0,10.499989500010502,1,0,1,0,1,0,0,0,0,0,0,0,0,0,1,1,0,0,0,0,0,1,1
572,1,53.0,51.4792,3,0,53.0,17.159727613424128,0,0,1,0,0,1,0,0,1,0,0,0,0,0,0,0,0,1,0,0,1,0,1
573,1,36.0,26.3875,1,1,36.0,26.38747361252639,1,0,1,0,1,0,0,0,0,0,1,0,0,0,0,0,1,0,0,1,0,0,1
574,3,26.363908542846033,7.75,1,1,79.0917256285381,7.74999225000775,0,1,0,1,0,0,0,0,0,0,0,0,0,0,1,0,0,0,0,1,0,0,1
575,3,16.0,8.05,1,1,48.0,8.049991950008051,1,0,1,0,1,0,0,0,0,0,0,0,0,0,1,1,0,0,1,0,0,0,0
576,3,19.0,14.5,1,1,57.0,14.499985500014501,1,0,1,0,1,0,0,0,0,0,0,0,0,0,1,0,1,0,1,0,0,0,0
577,2,34.0,13.0,1,1,68.0,12.999987000013,0,0,1,1,0,0,0,0,0,0,0,0,0,0,1,1,0,0,0,1,0,0,1
578,1,39.0,55.9,2,0,39.0,27.949986025006986,0,0,1,0,0,1,0,0,0,0,1,0,0,0,0,0,0,1,0,1,0,0,1
579,3,21.55541666666667,14.4583,2,0,64.66625,7.229146385426806,0,0,0,0,0,1,0,0,0,0,0,0,0,0,1,0,1,0,0,1,0,0,0
580,3,32.0,7.925,1,1,96.0,7.924992075007926,1,0,1,0,1,0,0,0,0,0,0,0,0,0,1,1,0,0,0,1,0,0,1
581,2,25.0,30.0,3,0,50.0,9.999996666667776,0,0,1,1,0,0,0,0,0,0,0,0,0,0,1,0,1,0,0,1,0,0,1
582,1,39.0,110.8833,3,0,39.0,36.96108767963744,0,0,0,0,0,1,0,0,1,0,0,0,0,0,0,0,0,1,0,1,0,0,1
583,2,54.0,26.0,1,1,108.0,25.999974000026,1,0,1,0,1,0,0,0,0,0,0,0,0,0,1,0,1,0,0,0,1,0,0
584,1,36.0,40.125,1,1,36.0,40.124959875040126,1,0,0,0,1,0,0,0,0,0,0,0,0,0,0,0,0,1,0,1,0,0,0
585,3,30.125313269135404,8.7125,1,1,90.37593980740621,8.712491287508714,1,0,0,0,1,0,0,0,0,0,0,0,0,0,1,1,0,0,0,1,0,0,0
586,1,18.0,79.65,3,0,18.0,26.54999115000295,0,0,1,1,0,0,0,0,0,0,1,0,0,0,0,0,0,1,1,0,0,0,1
587,2,47.0,15.0,1,1,94.0,14.999985000015002,1,0,1,0,1,0,0,0,0,0,0,0,0,0,1,0,1,0,0,0,1,0,0
588,1,60.0,79.2,3,0,60.0,26.399991200002933,1,0,0,0,1,0,0,1,0,0,0,0,0,0,0,0,0,1,0,0,1,0,1
589,3,22.0,8.05,1,1,66.0,8.049991950008051,1,0,1,0,1,0,0,0,0,0,0,0,0,0,1,1,0,0,0,1,0,0,0
590,3,29.77810885753248,8.05,1,1,89.33432657259743,8.049991950008051,1,0,1,0,1,0,0,0,0,0,0,0,0,0,1,1,0,0,0,1,0,0,0
591,3,35.0,7.125,1,1,105.0,7.124992875007125,1,0,1,0,1,0,0,0,0,0,0,0,0,0,1,0,0,0,0,1,0,0,0
592,1,52.0,78.2667,2,0,52.0,39.133330433334784,0,0,0,0,0,1,0,0,0,1,0,0,0,0,0,0,0,1,0,0,1,0,1
593,3,47.0,7.25,1,1,141.0,7.249992750007251,1,0,1,0,1,0,0,0,0,0,0,0,0,0,1,0,0,0,0,0,1,0,0
594,3,19.22700892857143,7.75,3,0,57.68102678571429,2.583332472222509,0,1,0,1,0,0,0,0,0,0,0,0,0,0,1,0,0,0,1,0,0,0,0
595,2,37.0,26.0,2,0,74.0,12.99999350000325,1,0,1,0,1,0,0,0,0,0,0,0,0,0,1,0,1,0,0,1,0,0,0
596,3,36.0,24.15,3,0,108.0,8.049997316667561,1,0,1,0,1,0,0,0,0,0,0,0,0,0,1,0,1,0,0,1,0,0,0
597,2,20.985757575757575,33.0,1,1,41.97151515151515,32.999967000033,0,0,1,1,0,0,0,0,0,0,0,0,0,0,1,0,0,1,1,0,0,0,1
598,3,49.0,0.0,1,1,147.0,0.0,1,0,1,0,1,0,0,0,0,0,0,0,0,0,1,0,0,0,0,0,1,0,0
599,3,27.256516612848362,7.225,1,1,81.76954983854509,7.224992775007225,1,0,0,0,1,0,0,0,0,0,0,0,0,0,1,0,0,0,0,1,0,0,0
600,1,49.0,56.9292,2,0,49.0,28.464585767707113,1,0,0,0,0,0,1,0,0,0,0,0,0,0,0,0,0,1,0,0,1,0,1
601,2,24.0,27.0,4,0,48.0,6.749998312500422,0,0,1,0,0,1,0,0,0,0,0,0,0,0,1,0,1,0,0,1,0,0,1
602,3,27.543020563624466,7.8958,1,1,82.6290616908734,7.895792104207897,1,0,1,0,1,0,0,0,0,0,0,0,0,0,1,0,0,0,0,1,0,0,0
603,1,43.97916666666666,42.4,1,1,43.97916666666666,42.3999576000424,1,0,1,0,1,0,0,0,0,0,0,0,0,0,1,0,0,1,0,0,1,0,0
604,3,44.0,8.05,1,1,132.0,8.049991950008051,1,0,1,0,1,0,0,0,0,0,0,0,0,0,1,1,0,0,0,0,1,0,0
605,1,35.0,26.55,1,1,35.0,26.549973450026553,1,0,0,0,1,0,0,0,0,0,0,0,0,0,1,0,1,0,0,1,0,0,1
606,3,36.0,15.55,2,0,108.0,7.774996112501944,1,0,1,0,1,0,0,0,0,0,0,0,0,0,1,0,1,0,0,1,0,0,0
607,3,30.0,7.8958,1,1,90.0,7.895792104207897,1,0,1,0,1,0,0,0,0,0,0,0,0,0,1,0,0,0,0,1,0,0,0
608,1,27.0,30.5,1,1,27.0,30.499969500030502,1,0,1,0,1,0,0,0,0,0,0,0,0,0,1,0,1,0,0,1,0,0,1
609,2,22.0,41.5792,4,0,44.0,10.39479740130065,0,0,0,0,0,1,0,0,0,0,0,0,0,0,1,0,0,1,0,1,0,0,1
610,1,40.0,153.4625,1,1,40.0,153.46234653765347,0,0,1,1,0,0,0,0,1,0,0,0,0,0,0,0,0,1,0,1,0,0,1
611,3,39.0,31.275,7,0,117.0,4.467856504591928,0,0,1,0,0,1,0,0,0,0,0,0,0,0,1,0,1,0,0,1,0,0,0
612,3,26.841709193584183,7.05,1,1,80.52512758075255,7.04999295000705,1,0,1,0,1,0,0,0,0,0,0,0,0,0,1,0,0,0,0,1,0,0,0
613,3,17.239333333333335,15.5,2,0,51.718,7.749996125001937,0,1,0,1,0,0,0,0,0,0,0,0,0,0,1,0,1,0,1,0,0,0,1
614,3,40.62484406565656,7.75,1,1,121.87453219696968,7.74999225000775,1,1,0,0,1,0,0,0,0,0,0,0,0,0,1,0,0,0,0,1,0,0,0
615,3,35.0,8.05,1,1,105.0,8.049991950008051,1,0,1,0,1,0,0,0,0,0,0,0,0,0,1,1,0,0,0,1,0,0,0
616,2,24.0,65.0,4,0,48.0,16.249995937501016,0,0,1,1,0,0,0,0,0,0,0,0,0,0,1,0,0,1,0,1,0,0,1
617,3,34.0,14.4,3,0,102.0,4.799998400000534,1,0,1,0,1,0,0,0,0,0,0,0,0,0,1,1,0,0,0,1,0,0,0
618,3,26.0,16.1,2,0,78.0,8.049995975002012,0,0,1,0,0,1,0,0,0,0,0,0,0,0,1,0,1,0,0,1,0,0,0
619,2,4.0,39.0,4,0,8.0,9.749997562500608,0,0,1,1,0,0,0,0,0,0,0,1,0,0,0,0,0,1,0,0,0,0,1
620,2,26.0,10.5,1,1,52.0,10.499989500010502,1,0,1,0,1,0,0,0,0,0,0,0,0,0,1,1,0,0,0,1,0,0,0
621,3,27.0,14.4542,2,0,81.0,7.227096386451806,1,0,0,0,1,0,0,0,0,0,0,0,0,0,1,1,0,0,0,1,0,0,0
622,1,42.0,52.5542,2,0,42.0,26.277086861456567,1,0,1,0,1,0,0,0,0,1,0,0,0,0,0,0,0,1,0,0,1,0,1
623,3,20.0,15.7417,3,0,60.0,5.247231584256138,1,0,0,0,1,0,0,0,0,0,0,0,0,0,1,0,1,0,1,0,0,0,1
624,3,21.0,7.8542,1,1,63.0,7.854192145807854,1,0,1,0,1,0,0,0,0,0,0,0,0,0,1,0,0,0,0,1,0,0,0
625,3,21.0,16.1,1,1,63.0,16.099983900016102,1,0,1,0,1,0,0,0,0,0,0,0,0,0,1,0,1,0,0,1,0,0,0
626,1,61.0,32.3208,1,1,61.0,32.32076767923232,1,0,1,0,1,0,0,0,0,1,0,0,0,0,0,0,0,1,0,0,0,1,0
627,2,57.0,12.35,1,1,114.0,12.34998765001235,1,1,0,0,0,0,1,0,0,0,0,0,0,0,1,1,0,0,0,0,1,0,0
628,1,21.0,77.9583,1,1,21.0,77.95822204177796,0,0,1,1,0,0,0,0,0,1,0,0,0,0,0,0,0,1,0,1,0,0,1
629,3,26.0,7.8958,1,1,78.0,7.895792104207897,1,0,1,0,1,0,0,0,0,0,0,0,0,0,1,0,0,0,0,1,0,0,0
630,3,26.24761805555556,7.7333,1,1,78.74285416666667,7.733292266707734,1,1,0,0,1,0,0,0,0,0,0,0,0,0,1,0,0,0,0,1,0,0,0
631,1,80.0,30.0,1,1,80.0,29.999970000030004,1,0,1,0,1,0,0,0,0,0,0,0,0,0,0,0,1,0,0,0,0,1,1
632,3,51.0,7.0542,1,1,153.0,7.0541929458070545,1,0,1,0,1,0,0,0,0,0,0,0,0,0,1,0,0,0,0,0,1,0,0
633,1,32.0,30.5,1,1,32.0,30.499969500030502,1,0,0,0,0,0,1,1,0,0,0,0,0,0,0,0,1,0,0,1,0,0,1
634,1,42.488196428571435,0.0,1,1,42.488196428571435,0.0,1,0,1,0,1,0,0,0,0,0,0,0,0,0,1,0,0,0,0,0,1,0,0
635,3,9.0,27.9,6,0,27.0,4.649999225000129,0,0,1,1,0,0,0,0,0,0,0,0,0,0,1,0,1,0,0,0,0,0,0
636,2,28.0,13.0,1,1,56.0,12.999987000013,0,0,1,1,0,0,0,0,0,0,0,0,0,0,1,1,0,0,0,1,0,0,1
637,3,32.0,7.925,1,1,96.0,7.924992075007926,1,0,1,0,1,0,0,0,0,0,0,0,0,0,1,1,0,0,0,1,0,0,0
638,2,31.0,26.25,3,0,62.0,8.749997083334305,1,0,1,0,1,0,0,0,0,0,0,0,0,0,1,0,1,0,0,1,0,0,0
639,3,41.0,39.6875,6,0,123.0,6.614582230902961,0,0,1,0,0,1,0,0,0,0,0,0,0,0,1,0,0,1,0,0,1,0,0
640,3,27.600607142857147,16.1,2,0,82.80182142857144,8.049995975002012,1,0,1,0,1,0,0,0,0,0,0,0,0,0,1,0,1,0,0,1,0,0,0
641,3,20.0,7.8542,1,1,60.0,7.854192145807854,1,0,1,0,1,0,0,0,0,0,0,0,0,0,1,0,0,0,1,0,0,0,0
642,1,24.0,69.3,1,1,24.0,69.2999307000693,0,0,0,1,0,0,0,1,0,0,0,0,0,0,0,0,0,1,0,1,0,0,1
643,3,2.0,27.9,6,0,6.0,4.649999225000129,0,0,1,1,0,0,0,0,0,0,0,0,0,0,1,0,1,0,0,0,0,0,0
644,3,29.125623015873035,56.4958,1,1,87.37686904761911,56.4957435042565,1,0,1,0,1,0,0,0,0,0,0,0,0,0,1,0,0,1,0,1,0,0,1
645,3,0.75,19.2583,4,0,2.25,4.814573796356551,0,0,0,1,0,0,0,0,0,0,0,0,0,0,1,0,1,0,0,0,0,0,1
646,1,48.0,76.7292,2,0,48.0,38.364580817709594,1,0,0,0,1,0,0,0,0,1,0,0,0,0,0,0,0,1,0,0,1,0,1
647,3,19.0,7.8958,1,1,57.0,7.895792104207897,1,0,1,0,1,0,0,0,0,0,0,0,0,0,1,0,0,0,1,0,0,0,0
648,1,56.0,35.5,1,1,56.0,35.4999645000355,1,0,0,0,0,0,1,0,0,0,0,0,0,0,0,0,0,1,0,0,1,0,1
649,3,32.232547619047615,7.55,1,1,96.69764285714285,7.549992450007551,1,0,1,0,1,0,0,0,0,0,0,0,0,0,1,0,0,0,0,1,0,0,0
650,3,23.0,7.55,1,1,69.0,7.549992450007551,0,0,1,1,0,0,0,0,0,0,0,0,0,0,1,0,0,0,0,1,0,0,1
651,3,27.543020563624466,7.8958,1,1,82.6290616908734,7.895792104207897,1,0,1,0,1,0,0,0,0,0,0,0,0,0,1,0,0,0,0,1,0,0,0
652,2,18.0,23.0,2,0,36.0,11.499994250002874,0,0,1,1,0,0,0,0,0,0,0,0,0,0,1,0,1,0,1,0,0,0,1
653,3,21.0,8.4333,1,1,63.0,8.433291566708434,1,0,1,0,1,0,0,0,0,0,0,0,0,0,1,1,0,0,0,1,0,0,0
654,3,21.54926668470418,7.8292,1,1,64.64780005411254,7.82919217080783,0,1,0,1,0,0,0,0,0,0,0,0,0,0,1,0,0,0,0,1,0,0,1
655,3,18.0,6.75,1,1,54.0,6.74999325000675,0,1,0,1,0,0,0,0,0,0,0,0,0,0,1,0,0,0,1,0,0,0,0
656,2,24.0,73.5,3,0,48.0,24.499991833336054,1,0,1,0,1,0,0,0,0,0,0,0,0,0,1,0,0,1,0,1,0,0,0
657,3,27.543020563624466,7.8958,1,1,82.6290616908734,7.895792104207897,1,0,1,0,1,0,0,0,0,0,0,0,0,0,1,0,0,0,0,1,0,0,0
658,3,32.0,15.5,3,0,96.0,5.166664944445018,0,1,0,0,0,1,0,0,0,0,0,0,0,0,1,0,1,0,0,1,0,0,0
659,2,23.0,13.0,1,1,46.0,12.999987000013,1,0,1,0,1,0,0,0,0,0,0,0,0,0,1,1,0,0,0,1,0,0,0
660,1,58.0,113.275,3,0,58.0,37.75832074722642,1,0,0,0,1,0,0,0,0,1,0,0,0,0,0,0,0,1,0,0,1,0,0
661,1,50.0,133.65,3,0,50.0,44.54998515000495,1,0,1,0,0,0,1,0,0,0,0,0,0,0,1,0,0,1,0,0,1,0,1
662,3,40.0,7.225,1,1,120.0,7.224992775007225,1,0,0,0,1,0,0,0,0,0,0,0,0,0,1,0,0,0,0,1,0,0,0
663,1,47.0,25.5875,1,1,47.0,25.587474412525587,1,0,1,0,1,0,0,0,0,0,1,0,0,0,0,0,1,0,0,0,1,0,0
664,3,36.0,7.4958,1,1,108.0,7.495792504207496,1,0,1,0,1,0,0,0,0,0,0,0,0,0,1,0,0,0,0,1,0,0,0
665,3,20.0,7.925,2,0,60.0,3.96249801875099,1,0,1,0,1,0,0,0,0,0,0,0,0,0,1,1,0,0,1,0,0,0,1
666,2,32.0,73.5,3,0,64.0,24.499991833336054,1,0,1,0,1,0,0,0,0,0,0,0,0,0,1,0,0,1,0,1,0,0,0
667,2,25.0,13.0,1,1,50.0,12.999987000013,1,0,1,0,1,0,0,0,0,0,0,0,0,0,1,1,0,0,0,1,0,0,0
668,3,27.484150815728494,7.775,1,1,82.45245244718548,7.774992225007776,1,0,1,0,1,0,0,0,0,0,0,0,0,0,1,0,0,0,0,1,0,0,0
669,3,43.0,8.05,1,1,129.0,8.049991950008051,1,0,1,0,1,0,0,0,0,0,0,0,0,0,1,1,0,0,0,0,1,0,0
670,1,39.82066666666667,52.0,2,0,39.82066666666667,25.9999870000065,0,0,1,0,0,1,0,0,1,0,0,0,0,0,0,0,0,1,0,1,0,0,1
671,2,40.0,39.0,3,0,80.0,12.999995666668111,0,0,1,0,0,1,0,0,0,0,0,0,0,0,1,0,0,1,0,1,0,0,1
672,1,31.0,52.0,2,0,31.0,25.9999870000065,1,0,1,0,1,0,0,1,0,0,0,0,0,0,0,0,0,1,0,1,0,0,0
673,2,70.0,10.5,1,1,140.0,10.499989500010502,1,0,1,0,1,0,0,0,0,0,0,0,0,0,1,1,0,0,0,0,0,1,0
674,2,31.0,13.0,1,1,62.0,12.999987000013,1,0,1,0,1,0,0,0,0,0,0,0,0,0,1,1,0,0,0,1,0,0,1
675,2,36.327481615641574,0.0,1,1,72.65496323128315,0.0,1,0,1,0,1,0,0,0,0,0,0,0,0,0,1,0,0,0,0,1,0,0,0
676,3,18.0,7.775,1,1,54.0,7.774992225007776,1,0,1,0,1,0,0,0,0,0,0,0,0,0,1,0,0,0,1,0,0,0,0
677,3,24.5,8.05,1,1,73.5,8.049991950008051,1,0,1,0,1,0,0,0,0,0,0,0,0,0,1,1,0,0,0,1,0,0,0
678,3,18.0,9.8417,1,1,54.0,9.841690158309842,0,0,1,1,0,0,0,0,0,0,0,0,0,0,1,1,0,0,1,0,0,0,1
679,3,43.0,46.9,8,0,129.0,5.862499267187592,0,0,1,0,0,1,0,0,0,0,0,0,0,0,1,0,0,1,0,0,1,0,0
680,1,36.0,512.3292,2,0,36.0,256.16447191776405,1,0,0,0,1,0,0,1,0,0,0,0,0,0,0,0,0,1,0,1,0,0,1
681,3,18.088067181026855,8.1375,1,1,54.26420154308056,8.137491862508137,0,1,0,1,0,0,0,0,0,0,0,0,0,0,1,1,0,0,1,0,0,0,0
682,1,27.0,76.7292,1,1,27.0,76.72912327087674,1,0,0,0,1,0,0,0,0,1,0,0,0,0,0,0,0,1,0,1,0,0,1
683,3,20.0,9.225,1,1,60.0,9.224990775009225,1,0,1,0,1,0,0,0,0,0,0,0,0,0,1,1,0,0,1,0,0,0,0
684,3,14.0,46.9,8,0,42.0,5.862499267187592,1,0,1,0,1,0,0,0,0,0,0,0,0,0,1,0,0,1,1,0,0,0,0
685,2,60.0,39.0,3,0,120.0,12.999995666668111,1,0,1,0,1,0,0,0,0,0,0,0,0,0,1,0,0,1,0,0,1,0,0
686,2,25.0,41.5792,4,0,50.0,10.39479740130065,1,0,0,0,1,0,0,0,0,0,0,0,0,0,1,0,0,1,0,1,0,0,0
687,3,14.0,39.6875,6,0,42.0,6.614582230902961,1,0,1,0,1,0,0,0,0,0,0,0,0,0,1,0,0,1,1,0,0,0,0
688,3,19.0,10.1708,1,1,57.0,10.170789829210172,1,0,1,0,1,0,0,0,0,0,0,0,0,0,1,1,0,0,1,0,0,0,0
689,3,18.0,7.7958,1,1,54.0,7.795792204207796,1,0,1,0,1,0,0,0,0,0,0,0,0,0,1,0,0,0,1,0,0,0,0
690,1,15.0,211.3375,2,0,15.0,105.66869716565141,0,0,1,1,0,0,0,1,0,0,0,0,0,0,0,0,0,1,1,0,0,0,1
691,1,31.0,57.0,2,0,31.0,28.499985750007124,1,0,1,0,1,0,0,1,0,0,0,0,0,0,0,0,0,1,0,1,0,0,1
692,3,4.0,13.4167,2,0,12.0,6.708346645826677,0,0,0,1,0,0,0,0,0,0,0,0,0,0,1,1,0,0,0,0,0,0,1
693,3,29.125623015873035,56.4958,1,1,87.37686904761911,56.4957435042565,1,0,1,0,1,0,0,0,0,0,0,0,0,0,1,0,0,1,0,1,0,0,1
694,3,25.0,7.225,1,1,75.0,7.224992775007225,1,0,0,0,1,0,0,0,0,0,0,0,0,0,1,0,0,0,0,1,0,0,0
695,1,60.0,26.55,1,1,60.0,26.549973450026553,1,0,1,0,0,0,1,0,0,0,0,0,0,0,1,0,1,0,0,0,1,0,0
696,2,52.0,13.5,1,1,104.0,13.4999865000135,1,0,1,0,1,0,0,0,0,0,0,0,0,0,1,1,0,0,0,0,1,0,0
697,3,44.0,8.05,1,1,132.0,8.049991950008051,1,0,1,0,1,0,0,0,0,0,0,0,0,0,1,1,0,0,0,0,1,0,0
698,3,17.51694246031746,7.7333,1,1,52.55082738095238,7.733292266707734,0,1,0,1,0,0,0,0,0,0,0,0,0,0,1,0,0,0,1,0,0,0,1
699,1,49.0,110.8833,3,0,49.0,36.96108767963744,1,0,0,0,1,0,0,0,1,0,0,0,0,0,0,0,0,1,0,0,1,0,0
700,3,42.0,7.65,1,1,126.0,7.6499923500076505,1,0,1,0,1,0,0,0,0,0,0,1,0,0,0,0,0,0,0,0,1,0,0
701,1,18.0,227.525,2,0,18.0,113.76244311877844,0,0,0,0,0,1,0,0,1,0,0,0,0,0,0,0,0,1,1,0,0,0,1
702,1,35.0,26.2875,1,1,35.0,26.287473712526293,1,0,1,0,1,0,0,0,0,0,1,0,0,0,0,0,1,0,0,1,0,0,1
703,3,18.0,14.4542,2,0,54.0,7.227096386451806,0,0,0,1,0,0,0,0,0,0,0,0,0,0,1,1,0,0,1,0,0,0,0
704,3,25.0,7.7417,1,1,75.0,7.741692258307742,1,1,0,0,1,0,0,0,0,0,0,0,0,0,1,0,0,0,0,1,0,0,0
705,3,26.0,7.8542,2,0,78.0,3.9270980364509813,1,0,1,0,1,0,0,0,0,0,0,0,0,0,1,0,0,0,0,1,0,0,0
706,2,39.0,26.0,1,1,78.0,25.999974000026,1,0,1,0,1,0,0,0,0,0,0,0,0,0,1,0,1,0,0,1,0,0,0
707,2,45.0,13.5,1,1,90.0,13.4999865000135,0,0,1,0,0,1,0,0,0,0,0,0,0,0,1,1,0,0,0,0,1,0,1
708,1,42.0,26.2875,1,1,42.0,26.287473712526293,1,0,1,0,1,0,0,0,0,0,1,0,0,0,0,0,1,0,0,0,1,0,1
709,1,22.0,151.55,1,1,22.0,151.5498484501516,0,0,1,1,0,0,0,0,0,0,0,0,0,0,1,0,0,1,0,1,0,0,1
710,3,6.400205952380951,15.2458,3,0,19.200617857142852,5.08193163935612,1,0,0,0,0,0,0,0,0,0,0,0,0,0,1,0,1,0,0,0,0,0,1
711,1,24.0,49.5042,1,1,24.0,49.50415049584951,0,0,0,1,0,0,0,0,1,0,0,0,0,0,0,0,0,1,0,1,0,0,1
712,1,46.98519171095931,26.55,1,1,46.98519171095931,26.549973450026553,1,0,1,0,1,0,0,0,1,0,0,0,0,0,0,0,1,0,0,0,1,0,0
713,1,48.0,52.0,2,0,48.0,25.9999870000065,1,0,1,0,1,0,0,0,1,0,0,0,0,0,0,0,0,1,0,0,1,0,1
714,3,29.0,9.4833,1,1,87.0,9.483290516709484,1,0,1,0,1,0,0,0,0,0,0,0,0,0,1,1,0,0,0,1,0,0,0
715,2,52.0,13.0,1,1,104.0,12.999987000013,1,0,1,0,1,0,0,0,0,0,0,0,0,0,1,1,0,0,0,0,1,0,0
716,3,19.0,7.65,1,1,57.0,7.6499923500076505,1,0,1,0,1,0,0,0,0,0,0,1,0,0,0,0,0,0,1,0,0,0,0
717,1,38.0,227.525,1,1,38.0,227.52477247522754,0,0,0,1,0,0,0,0,1,0,0,0,0,0,0,0,0,1,0,1,0,0,1
718,2,27.0,10.5,1,1,54.0,10.499989500010502,0,0,1,1,0,0,0,0,0,0,1,0,0,0,0,1,0,0,0,1,0,0,1
719,3,31.709986111111107,15.5,1,1,95.12995833333332,15.4999845000155,1,1,0,0,1,0,0,0,0,0,0,0,0,0,1,0,1,0,0,1,0,0,0
720,3,33.0,7.775,1,1,99.0,7.774992225007776,1,0,1,0,1,0,0,0,0,0,0,0,0,0,1,0,0,0,0,1,0,0,0
721,2,6.0,33.0,2,0,12.0,16.499991750004124,0,0,1,1,0,0,0,0,0,0,0,0,0,0,1,0,0,1,0,0,0,0,1
722,3,17.0,7.0542,2,0,51.0,3.5270982364508816,1,0,1,0,1,0,0,0,0,0,0,0,0,0,1,0,0,0,1,0,0,0,0
723,2,34.0,13.0,1,1,68.0,12.999987000013,1,0,1,0,1,0,0,0,0,0,0,0,0,0,1,1,0,0,0,1,0,0,0
724,2,50.0,13.0,1,1,100.0,12.999987000013,1,0,1,0,1,0,0,0,0,0,0,0,0,0,1,1,0,0,0,0,1,0,0
725,1,27.0,53.1,2,0,27.0,26.549986725006637,1,0,1,0,1,0,0,0,0,0,1,0,0,0,0,0,0,1,0,1,0,0,1
726,3,20.0,8.6625,1,1,60.0,8.662491337508662,1,0,1,0,1,0,0,0,0,0,0,0,0,0,1,1,0,0,1,0,0,0,0
727,2,30.0,21.0,4,0,60.0,5.2499986875003275,0,0,1,0,0,1,0,0,0,0,0,0,0,0,1,0,1,0,0,1,0,0,1
728,3,17.929899877899878,7.7375,1,1,53.789699633699634,7.737492262507738,0,1,0,1,0,0,0,0,0,0,0,0,0,0,1,0,0,0,1,0,0,0,1
729,2,25.0,26.0,2,0,50.0,12.99999350000325,1,0,1,0,1,0,0,0,0,0,0,0,0,0,1,0,1,0,0,1,0,0,0
730,3,25.0,7.925,2,0,75.0,3.96249801875099,0,0,1,1,0,0,0,0,0,0,0,0,0,0,1,1,0,0,0,1,0,0,0
731,1,29.0,211.3375,1,1,29.0,211.33728866271136,0,0,1,1,0,0,0,1,0,0,0,0,0,0,0,0,0,1,0,1,0,0,1
732,3,11.0,18.7875,1,1,33.0,18.78748121251879,1,0,0,0,1,0,0,0,0,0,0,0,0,0,1,0,1,0,0,0,0,0,0
733,2,36.327481615641574,0.0,1,1,72.65496323128315,0.0,1,0,1,0,1,0,0,0,0,0,0,0,0,0,1,0,0,0,0,1,0,0,0
734,2,23.0,13.0,1,1,46.0,12.999987000013,1,0,1,0,1,0,0,0,0,0,0,0,0,0,1,1,0,0,0,1,0,0,0
735,2,23.0,13.0,1,1,46.0,12.999987000013,1,0,1,0,1,0,0,0,0,0,0,0,0,0,1,1,0,0,0,1,0,0,0
736,3,28.5,16.1,1,1,85.5,16.099983900016102,1,0,1,0,1,0,0,0,0,0,0,0,0,0,1,0,1,0,0,1,0,0,0
737,3,48.0,34.375,5,0,144.0,6.874998625000274,0,0,1,0,0,1,0,0,0,0,0,0,0,0,1,0,0,1,0,0,1,0,0
738,1,35.0,512.3292,1,1,35.0,512.3286876713124,1,0,0,0,1,0,0,1,0,0,0,0,0,0,0,0,0,1,0,1,0,0,1
739,3,27.543020563624466,7.8958,1,1,82.6290616908734,7.895792104207897,1,0,1,0,1,0,0,0,0,0,0,0,0,0,1,0,0,0,0,1,0,0,0
740,3,27.543020563624466,7.8958,1,1,82.6290616908734,7.895792104207897,1,0,1,0,1,0,0,0,0,0,0,0,0,0,1,0,0,0,0,1,0,0,0
741,1,52.633583333333334,30.0,1,1,52.633583333333334,29.999970000030004,1,0,1,0,1,0,0,0,0,1,0,0,0,0,0,0,1,0,0,0,1,0,1
742,1,36.0,78.85,2,0,36.0,39.424980287509854,1,0,1,0,1,0,0,0,1,0,0,0,0,0,0,0,0,1,0,1,0,0,0
743,1,21.0,262.375,5,0,21.0,52.4749895050021,0,0,0,1,0,0,0,1,0,0,0,0,0,0,0,0,0,1,0,1,0,0,1
744,3,24.0,16.1,2,0,72.0,8.049995975002012,1,0,1,0,1,0,0,0,0,0,0,0,0,0,1,0,1,0,0,1,0,0,0
745,3,31.0,7.925,1,1,93.0,7.924992075007926,1,0,1,0,1,0,0,0,0,0,0,0,0,0,1,1,0,0,0,1,0,0,1
746,1,70.0,71.0,3,0,70.0,23.666658777780405,1,0,1,0,0,0,1,1,0,0,0,0,0,0,0,0,0,1,0,0,0,1,0
747,3,16.0,20.25,3,0,48.0,6.74999775000075,1,0,1,0,1,0,0,0,0,0,0,0,0,0,1,0,1,0,1,0,0,0,0
748,2,30.0,13.0,1,1,60.0,12.999987000013,0,0,1,1,0,0,0,0,0,0,0,0,0,0,1,1,0,0,0,1,0,0,1
749,1,19.0,53.1,2,0,19.0,26.549986725006637,1,0,1,0,1,0,0,0,0,1,0,0,0,0,0,0,0,1,1,0,0,0,0
750,3,31.0,7.75,1,1,93.0,7.74999225000775,1,1,0,0,1,0,0,0,0,0,0,0,0,0,1,0,0,0,0,1,0,0,0
751,2,4.0,23.0,3,0,8.0,7.666664111111962,0,0,1,1,0,0,0,0,0,0,0,0,0,0,1,0,1,0,0,0,0,0,1
752,3,6.0,12.475,2,0,18.0,6.237496881251559,1,0,1,0,0,0,0,0,0,0,1,0,0,0,0,1,0,0,0,0,0,0,1
753,3,33.0,9.5,1,1,99.0,9.4999905000095,1,0,1,0,1,0,0,0,0,0,0,0,0,0,1,1,0,0,0,1,0,0,0
754,3,23.0,7.8958,1,1,69.0,7.895792104207897,1,0,1,0,1,0,0,0,0,0,0,0,0,0,1,0,0,0,0,1,0,0,0
755,2,48.0,65.0,4,0,96.0,16.249995937501016,0,0,1,0,0,1,0,0,0,0,0,0,0,0,1,0,0,1,0,0,1,0,1
756,2,0.67,14.5,3,0,1.34,4.833331722222759,1,0,1,0,0,0,0,0,0,0,0,0,0,0,1,0,1,0,0,0,0,0,1
757,3,28.0,7.7958,1,1,84.0,7.795792204207796,1,0,1,0,1,0,0,0,0,0,0,0,0,0,1,0,0,0,0,1,0,0,0
758,2,18.0,11.5,1,1,36.0,11.4999885000115,1,0,1,0,1,0,0,0,0,0,0,0,0,0,1,1,0,0,1,0,0,0,0
759,3,34.0,8.05,1,1,102.0,8.049991950008051,1,0,1,0,1,0,0,0,0,0,0,0,0,0,1,1,0,0,0,1,0,0,0
760,1,33.0,86.5,1,1,33.0,86.4999135000865,0,0,1,0,0,0,1,1,0,0,0,0,0,0,0,0,0,1,0,1,0,0,1
761,3,29.00041666666667,14.5,1,1,87.00125000000001,14.499985500014501,1,0,1,0,1,0,0,0,0,0,0,0,0,0,1,0,1,0,0,1,0,0,0
762,3,41.0,7.125,1,1,123.0,7.124992875007125,1,0,1,0,1,0,0,0,0,0,0,0,0,0,1,0,0,0,0,0,1,0,0
763,3,20.0,7.2292,1,1,60.0,7.229192770807229,1,0,0,0,1,0,0,0,0,0,0,0,0,0,1,0,0,0,1,0,0,0,1
764,1,36.0,120.0,4,0,36.0,29.999992500001873,0,0,1,0,0,1,0,1,0,0,0,0,0,0,0,0,0,1,0,1,0,0,1
765,3,16.0,7.775,1,1,48.0,7.774992225007776,1,0,1,0,1,0,0,0,0,0,0,0,0,0,1,0,0,0,1,0,0,0,0
766,1,51.0,77.9583,2,0,51.0,38.979130510434736,0,0,1,0,0,1,0,0,0,1,0,0,0,0,0,0,0,1,0,0,1,0,1
767,1,46.91875,39.6,1,1,46.91875,39.599960400039606,1,0,0,0,0,0,1,0,0,0,0,0,0,0,1,0,0,1,0,0,1,0,0
768,3,30.5,7.75,1,1,91.5,7.74999225000775,0,1,0,1,0,0,0,0,0,0,0,0,0,0,1,0,0,0,0,1,0,0,0
769,3,30.741920454545447,24.15,2,0,92.22576136363634,12.074993962503017,1,1,0,0,1,0,0,0,0,0,0,0,0,0,1,0,1,0,0,1,0,0,0
770,3,32.0,8.3625,1,1,96.0,8.362491637508365,1,0,1,0,1,0,0,0,0,0,0,0,0,0,1,1,0,0,0,1,0,0,0
771,3,24.0,9.5,1,1,72.0,9.4999905000095,1,0,1,0,1,0,0,0,0,0,0,0,0,0,1,1,0,0,0,1,0,0,0
772,3,48.0,7.8542,1,1,144.0,7.854192145807854,1,0,1,0,1,0,0,0,0,0,0,0,0,0,1,0,0,0,0,0,1,0,0
773,2,57.0,10.5,1,1,114.0,10.499989500010502,0,0,1,0,0,1,0,0,0,0,1,0,0,0,0,1,0,0,0,0,1,0,0
774,3,27.256516612848362,7.225,1,1,81.76954983854509,7.224992775007225,1,0,0,0,1,0,0,0,0,0,0,0,0,0,1,0,0,0,0,1,0,0,0
775,2,54.0,23.0,5,0,108.0,4.599999080000184,0,0,1,0,0,1,0,0,0,0,0,0,0,0,1,0,1,0,0,0,1,0,1
776,3,18.0,7.75,1,1,54.0,7.74999225000775,1,0,1,0,1,0,0,0,0,0,0,0,0,0,1,0,0,0,1,0,0,0,0
777,3,40.62484406565656,7.75,1,1,121.87453219696968,7.74999225000775,1,1,0,0,1,0,0,0,0,0,0,1,0,0,0,0,0,0,0,1,0,0,0
778,3,5.0,12.475,1,1,15.0,12.474987525012475,0,0,1,1,0,0,0,0,0,0,0,0,0,0,1,1,0,0,0,0,0,0,1
779,3,26.24761805555556,7.7375,1,1,78.74285416666667,7.737492262507738,1,1,0,0,1,0,0,0,0,0,0,0,0,0,1,0,0,0,0,1,0,0,0
780,1,43.0,211.3375,2,0,43.0,105.66869716565141,0,0,1,0,0,1,0,1,0,0,0,0,0,0,0,0,0,1,0,0,1,0,1
781,3,13.0,7.2292,1,1,39.0,7.229192770807229,0,0,0,1,0,0,0,0,0,0,0,0,0,0,1,0,0,0,1,0,0,0,1
782,1,17.0,57.0,2,0,17.0,28.499985750007124,0,0,1,0,0,1,0,1,0,0,0,0,0,0,0,0,0,1,1,0,0,0,1
783,1,29.0,30.0,1,1,29.0,29.999970000030004,1,0,1,0,1,0,0,0,0,1,0,0,0,0,0,0,1,0,0,1,0,0,0
784,3,32.412571428571425,23.45,4,0,97.23771428571428,5.862498534375366,1,0,1,0,1,0,0,0,0,0,0,0,0,0,1,0,1,0,0,1,0,0,0
785,3,25.0,7.05,1,1,75.0,7.04999295000705,1,0,1,0,1,0,0,0,0,0,0,0,0,0,1,0,0,0,0,1,0,0,0
786,3,25.0,7.25,1,1,75.0,7.249992750007251,1,0,1,0,1,0,0,0,0,0,0,0,0,0,1,0,0,0,0,1,0,0,0
787,3,18.0,7.4958,1,1,54.0,7.495792504207496,0,0,1,1,0,0,0,0,0,0,0,0,0,0,1,0,0,0,1,0,0,0,1
788,3,8.0,29.125,6,0,24.0,4.854165857639024,1,1,0,0,0,0,0,0,0,0,0,0,0,0,1,0,1,0,0,0,0,0,0
789,3,1.0,20.575,4,0,3.0,5.143748714062821,1,0,1,0,0,0,0,0,0,0,0,0,0,0,1,0,1,0,0,0,0,0,1
790,1,46.0,79.2,1,1,46.0,79.19992080007921,1,0,0,0,1,0,0,1,0,0,0,0,0,0,0,0,0,1,0,0,1,0,0
791,3,40.62484406565656,7.75,1,1,121.87453219696968,7.74999225000775,1,1,0,0,1,0,0,0,0,0,0,0,0,0,1,0,0,0,0,1,0,0,0
792,2,16.0,26.0,1,1,32.0,25.999974000026,1,0,1,0,1,0,0,0,0,0,0,0,0,0,1,0,1,0,1,0,0,0,0
793,3,17.66938095238095,69.55,11,0,53.00814285714286,6.322726697933937,0,0,1,1,0,0,0,0,0,0,0,0,0,0,1,0,0,1,1,0,0,0,0
794,1,49.677916666666675,30.6958,1,1,49.677916666666675,30.695769304230698,1,0,0,0,1,0,0,0,0,0,0,0,0,0,1,0,1,0,0,0,1,0,0
795,3,25.0,7.8958,1,1,75.0,7.895792104207897,1,0,1,0,1,0,0,0,0,0,0,0,0,0,1,0,0,0,0,1,0,0,0
796,2,39.0,13.0,1,1,78.0,12.999987000013,1,0,1,0,1,0,0,0,0,0,0,0,0,0,1,1,0,0,0,1,0,0,0
797,1,49.0,25.9292,1,1,49.0,25.929174070825933,0,0,1,0,0,0,1,0,0,1,0,0,0,0,0,0,1,0,0,0,1,0,1
798,3,31.0,8.6833,1,1,93.0,8.683291316708683,0,0,1,0,0,1,0,0,0,0,0,0,0,0,1,1,0,0,0,1,0,0,1
799,3,30.0,7.2292,1,1,90.0,7.229192770807229,1,0,0,0,1,0,0,0,0,0,0,0,0,0,1,0,0,0,0,1,0,0,0
800,3,30.0,24.15,3,0,90.0,8.049997316667561,0,0,1,0,0,1,0,0,0,0,0,0,0,0,1,0,1,0,0,1,0,0,0
801,2,34.0,13.0,1,1,68.0,12.999987000013,1,0,1,0,1,0,0,0,0,0,0,0,0,0,1,1,0,0,0,1,0,0,0
802,2,31.0,26.25,3,0,62.0,8.749997083334305,0,0,1,0,0,1,0,0,0,0,0,0,0,0,1,0,1,0,0,1,0,0,1
803,1,11.0,120.0,4,0,11.0,29.999992500001873,1,0,1,0,0,0,0,1,0,0,0,0,0,0,0,0,0,1,0,0,0,0,1
804,3,0.42,8.5167,2,0,1.26,4.258347870826064,1,0,0,0,0,0,0,0,0,0,0,0,0,0,1,1,0,0,0,0,0,0,1
805,3,27.0,6.975,1,1,81.0,6.974993025006976,1,0,1,0,1,0,0,0,0,0,0,0,0,0,1,0,0,0,0,1,0,0,1
806,3,31.0,7.775,1,1,93.0,7.774992225007776,1,0,1,0,1,0,0,0,0,0,0,0,0,0,1,0,0,0,0,1,0,0,0
807,1,39.0,0.0,1,1,39.0,0.0,1,0,1,0,1,0,0,0,0,0,0,0,0,0,0,0,0,0,0,1,0,0,0
808,3,18.0,7.775,1,1,54.0,7.774992225007776,0,0,1,1,0,0,0,0,0,0,0,0,0,0,1,0,0,0,1,0,0,0,0
809,2,39.0,13.0,1,1,78.0,12.999987000013,1,0,1,0,1,0,0,0,0,0,0,0,0,0,1,1,0,0,0,1,0,0,0
810,1,33.0,53.1,2,0,33.0,26.549986725006637,0,0,1,0,0,1,0,0,0,0,1,0,0,0,0,0,0,1,0,1,0,0,1
811,3,26.0,7.8875,1,1,78.0,7.887492112507888,1,0,1,0,1,0,0,0,0,0,0,0,0,0,1,0,0,0,0,1,0,0,0
812,3,39.0,24.15,1,1,117.0,24.149975850024152,1,0,1,0,1,0,0,0,0,0,0,0,0,0,1,0,1,0,0,1,0,0,0
813,2,35.0,10.5,1,1,70.0,10.499989500010502,1,0,1,0,1,0,0,0,0,0,0,0,0,0,1,1,0,0,0,1,0,0,0
814,3,6.0,31.275,7,0,18.0,4.467856504591928,0,0,1,1,0,0,0,0,0,0,0,0,0,0,1,0,1,0,0,0,0,0,0
815,3,30.5,8.05,1,1,91.5,8.049991950008051,1,0,1,0,1,0,0,0,0,0,0,0,0,0,1,1,0,0,0,1,0,0,0
816,1,42.488196428571435,0.0,1,1,42.488196428571435,0.0,1,0,1,0,1,0,0,1,0,0,0,0,0,0,0,0,0,0,0,0,1,0,0
817,3,23.0,7.925,1,1,69.0,7.924992075007926,0,0,1,1,0,0,0,0,0,0,0,0,0,0,1,1,0,0,0,1,0,0,0
818,2,31.0,37.0042,3,0,62.0,12.334729221756925,1,0,0,0,1,0,0,0,0,0,0,0,0,0,1,0,0,1,0,1,0,0,0
819,3,43.0,6.45,1,1,129.0,6.449993550006451,1,0,1,0,1,0,0,0,0,0,0,0,0,0,1,0,0,0,0,0,1,0,0
820,3,10.0,27.9,6,0,30.0,4.649999225000129,1,0,1,0,0,0,0,0,0,0,0,0,0,0,1,0,1,0,0,0,0,0,0
821,1,52.0,93.5,3,0,52.0,31.16665627778124,0,0,1,0,0,1,0,1,0,0,0,0,0,0,0,0,0,1,0,0,1,0,1
822,3,27.0,8.6625,1,1,81.0,8.662491337508662,1,0,1,0,1,0,0,0,0,0,0,0,0,0,1,1,0,0,0,1,0,0,1
823,1,38.0,0.0,1,1,38.0,0.0,1,0,1,0,0,0,1,0,0,0,0,0,0,0,1,0,0,0,0,1,0,0,0
824,3,27.0,12.475,2,0,81.0,6.237496881251559,0,0,1,0,0,1,0,0,0,0,1,0,0,0,0,1,0,0,0,1,0,0,1
825,3,2.0,39.6875,6,0,6.0,6.614582230902961,1,0,1,0,0,0,0,0,0,0,0,0,0,0,1,0,0,1,0,0,0,0,0
826,3,23.67316966366967,6.95,1,1,71.019508991009,6.949993050006951,1,1,0,0,1,0,0,0,0,0,0,0,0,0,1,0,0,0,0,1,0,0,0
827,3,29.125623015873035,56.4958,1,1,87.37686904761911,56.4957435042565,1,0,1,0,1,0,0,0,0,0,0,0,0,0,1,0,0,1,0,1,0,0,0
828,2,1.0,37.0042,3,0,2.0,12.334729221756925,1,0,0,0,0,0,0,0,0,0,0,0,0,0,1,0,0,1,0,0,0,0,1
829,3,40.62484406565656,7.75,1,1,121.87453219696968,7.74999225000775,1,1,0,0,1,0,0,0,0,0,0,0,0,0,1,0,0,0,0,1,0,0,1
830,1,62.0,80.0,1,1,62.0,79.99992000008001,0,0,1,0,0,1,0,1,0,0,0,0,0,0,0,0,0,1,0,0,0,1,1
831,3,15.0,14.4542,2,0,45.0,7.227096386451806,0,0,0,0,0,1,0,0,0,0,0,0,0,0,1,1,0,0,1,0,0,0,1
832,2,0.83,18.75,3,0,1.66,6.249997916667361,1,0,1,0,0,0,0,0,0,0,0,0,0,0,1,0,1,0,0,0,0,0,1
833,3,23.90057433064013,7.2292,1,1,71.70172299192039,7.229192770807229,1,0,0,0,1,0,0,0,0,0,0,0,0,0,1,0,0,0,0,1,0,0,0
834,3,23.0,7.8542,1,1,69.0,7.854192145807854,1,0,1,0,1,0,0,0,0,0,0,0,0,0,1,0,0,0,0,1,0,0,0
835,3,18.0,8.3,1,1,54.0,8.2999917000083,1,0,1,0,1,0,0,0,0,0,0,0,0,0,1,1,0,0,1,0,0,0,0
836,1,39.0,83.1583,3,0,39.0,27.7194240935253,0,0,0,1,0,0,0,0,0,0,1,0,0,0,0,0,0,1,0,1,0,0,1
837,3,21.0,8.6625,1,1,63.0,8.662491337508662,1,0,1,0,1,0,0,0,0,0,0,0,0,0,1,1,0,0,0,1,0,0,0
838,3,29.77810885753248,8.05,1,1,89.33432657259743,8.049991950008051,1,0,1,0,1,0,0,0,0,0,0,0,0,0,1,1,0,0,0,1,0,0,0
839,3,32.0,56.4958,1,1,96.0,56.4957435042565,1,0,1,0,1,0,0,0,0,0,0,0,0,0,1,0,0,1,0,1,0,0,1
840,1,46.541613095238084,29.7,1,1,46.541613095238084,29.6999703000297,1,0,0,0,1,0,0,0,1,0,0,0,0,0,0,0,1,0,0,0,1,0,1
841,3,20.0,7.925,1,1,60.0,7.924992075007926,1,0,1,0,1,0,0,0,0,0,0,0,0,0,1,1,0,0,1,0,0,0,0
842,2,16.0,10.5,1,1,32.0,10.499989500010502,1,0,1,0,1,0,0,0,0,0,0,0,0,0,1,1,0,0,1,0,0,0,0
843,1,30.0,31.0,1,1,30.0,30.999969000031,0,0,0,1,0,0,0,0,0,0,0,0,0,0,1,0,1,0,0,1,0,0,1
844,3,34.5,6.4375,1,1,103.5,6.437493562506438,1,0,0,0,1,0,0,0,0,0,0,0,0,0,1,0,0,0,0,1,0,0,0
845,3,17.0,8.6625,1,1,51.0,8.662491337508662,1,0,1,0,1,0,0,0,0,0,0,0,0,0,1,1,0,0,1,0,0,0,0
846,3,42.0,7.55,1,1,126.0,7.549992450007551,1,0,1,0,1,0,0,0,0,0,0,0,0,0,1,0,0,0,0,0,1,0,0
847,3,18.116380952380958,69.55,11,0,54.34914285714287,6.322726697933937,1,0,1,0,1,0,0,0,0,0,0,0,0,0,1,0,0,1,1,0,0,0,0
848,3,35.0,7.8958,1,1,105.0,7.895792104207897,1,0,0,0,1,0,0,0,0,0,0,0,0,0,1,0,0,0,0,1,0,0,0
849,2,28.0,33.0,2,0,56.0,16.499991750004124,1,0,1,0,0,0,1,0,0,0,0,0,0,0,1,0,0,1,0,1,0,0,0
850,1,34.7975,89.1042,2,0,34.7975,44.55207772396114,0,0,0,0,0,1,0,0,1,0,0,0,0,0,0,0,0,1,0,1,0,0,1
851,3,4.0,31.275,7,0,12.0,4.467856504591928,1,0,1,0,0,0,0,0,0,0,0,0,0,0,1,0,1,0,0,0,0,0,0
852,3,74.0,7.775,1,1,222.0,7.774992225007776,1,0,1,0,1,0,0,0,0,0,0,0,0,0,1,0,0,0,0,0,0,1,0
853,3,9.0,15.2458,3,0,27.0,5.08193163935612,0,0,0,1,0,0,0,0,0,0,0,0,0,0,1,0,1,0,0,0,0,0,0
854,1,16.0,39.4,2,0,16.0,19.699990150004922,0,0,1,1,0,0,0,0,0,1,0,0,0,0,0,0,0,1,1,0,0,0,1
855,2,44.0,26.0,2,0,88.0,12.99999350000325,0,0,1,0,0,1,0,0,0,0,0,0,0,0,1,0,1,0,0,0,1,0,0
856,3,18.0,9.35,2,0,54.0,4.674997662501168,0,0,1,0,0,1,0,0,0,0,0,0,0,0,1,1,0,0,1,0,0,0,1
857,1,45.0,164.8667,3,0,45.0,54.95554834815055,0,0,1,0,0,1,0,0,0,0,0,0,0,0,1,0,0,1,0,0,1,0,1
858,1,51.0,26.55,1,1,51.0,26.549973450026553,1,0,1,0,1,0,0,0,0,0,1,0,0,0,0,0,1,0,0,0,1,0,1
859,3,24.0,19.2583,4,0,72.0,4.814573796356551,0,0,0,0,0,1,0,0,0,0,0,0,0,0,1,0,1,0,0,1,0,0,1
860,3,23.90057433064013,7.2292,1,1,71.70172299192039,7.229192770807229,1,0,0,0,1,0,0,0,0,0,0,0,0,0,1,0,0,0,0,1,0,0,0
861,3,41.0,14.1083,3,0,123.0,4.7027650990783,1,0,1,0,1,0,0,0,0,0,0,0,0,0,1,1,0,0,0,0,1,0,0
862,2,21.0,11.5,2,0,42.0,5.749997125001437,1,0,1,0,1,0,0,0,0,0,0,0,0,0,1,1,0,0,0,1,0,0,0
863,1,48.0,25.9292,1,1,48.0,25.929174070825933,0,0,1,0,0,1,0,0,0,1,0,0,0,0,0,0,1,0,0,0,1,0,1
864,3,17.66938095238095,69.55,11,0,53.00814285714286,6.322726697933937,0,0,1,1,0,0,0,0,0,0,0,0,0,0,1,0,0,1,1,0,0,0,0
865,2,24.0,13.0,1,1,48.0,12.999987000013,1,0,1,0,1,0,0,0,0,0,0,0,0,0,1,1,0,0,0,1,0,0,0
866,2,42.0,13.0,1,1,84.0,12.999987000013,0,0,1,0,0,1,0,0,0,0,0,0,0,0,1,1,0,0,0,0,1,0,1
867,2,27.0,13.8583,2,0,54.0,6.929146535426732,0,0,0,1,0,0,0,0,0,0,0,0,0,0,1,1,0,0,0,1,0,0,1
868,1,31.0,50.4958,1,1,31.0,50.495749504250504,1,0,1,0,1,0,0,0,0,0,0,0,0,0,0,0,0,1,0,1,0,0,0
869,3,27.41722190442856,9.5,1,1,82.25166571328567,9.4999905000095,1,0,1,0,1,0,0,0,0,0,0,0,0,0,1,1,0,0,0,1,0,0,0
870,3,4.0,11.1333,3,0,12.0,3.711098762967079,1,0,1,0,0,0,0,0,0,0,0,0,0,0,1,1,0,0,0,0,0,0,1
871,3,26.0,7.8958,1,1,78.0,7.895792104207897,1,0,1,0,1,0,0,0,0,0,0,0,0,0,1,0,0,0,0,1,0,0,0
872,1,47.0,52.5542,3,0,47.0,17.518060827313057,0,0,1,0,0,1,0,0,0,1,0,0,0,0,0,0,0,1,0,0,1,0,1
873,1,33.0,5.0,1,1,33.0,4.999995000005001,1,0,1,0,1,0,0,1,0,0,0,0,0,0,0,0,0,0,0,1,0,0,0
874,3,47.0,9.0,1,1,141.0,8.999991000009,1,0,1,0,1,0,0,0,0,0,0,0,0,0,1,1,0,0,0,0,1,0,0
875,2,28.0,24.0,2,0,56.0,11.999994000003,0,0,0,0,0,1,0,0,0,0,0,0,0,0,1,0,1,0,0,1,0,0,1
876,3,15.0,7.225,1,1,45.0,7.224992775007225,0,0,0,1,0,0,0,0,0,0,0,0,0,0,1,0,0,0,1,0,0,0,1
877,3,20.0,9.8458,1,1,60.0,9.845790154209848,1,0,1,0,1,0,0,0,0,0,0,0,0,0,1,1,0,0,1,0,0,0,0
878,3,19.0,7.8958,1,1,57.0,7.895792104207897,1,0,1,0,1,0,0,0,0,0,0,0,0,0,1,0,0,0,1,0,0,0,0
879,3,27.543020563624466,7.8958,1,1,82.6290616908734,7.895792104207897,1,0,1,0,1,0,0,0,0,0,0,0,0,0,1,0,0,0,0,1,0,0,0
880,1,56.0,83.1583,2,0,56.0,41.57912921043539,0,0,0,0,0,1,0,0,1,0,0,0,0,0,0,0,0,1,0,0,1,0,1
881,2,25.0,26.0,2,0,50.0,12.99999350000325,0,0,1,0,0,1,0,0,0,0,0,0,0,0,1,0,1,0,0,1,0,0,1
882,3,33.0,7.8958,1,1,99.0,7.895792104207897,1,0,1,0,1,0,0,0,0,0,0,0,0,0,1,0,0,0,0,1,0,0,0
883,3,22.0,10.5167,1,1,66.0,10.516689483310518,0,0,1,1,0,0,0,0,0,0,0,0,0,0,1,1,0,0,0,1,0,0,0
884,2,28.0,10.5,1,1,56.0,10.499989500010502,1,0,1,0,1,0,0,0,0,0,0,0,0,0,1,1,0,0,0,1,0,0,0
885,3,25.0,7.05,1,1,75.0,7.04999295000705,1,0,1,0,1,0,0,0,0,0,0,0,0,0,1,0,0,0,0,1,0,0,0
886,3,39.0,29.125,6,0,117.0,4.854165857639024,0,1,0,0,0,1,0,0,0,0,0,0,0,0,1,0,1,0,0,1,0,0,0
887,2,27.0,13.0,1,1,54.0,12.999987000013,1,0,1,0,0,0,1,0,0,0,0,0,0,0,1,1,0,0,0,1,0,0,0
888,1,19.0,30.0,1,1,19.0,29.999970000030004,0,0,1,1,0,0,0,1,0,0,0,0,0,0,0,0,1,0,1,0,0,0,1
889,3,4.83488333333333,23.45,4,0,14.504649999999991,5.862498534375366,0,0,1,1,0,0,0,0,0,0,0,0,0,0,1,0,1,0,0,0,0,0,0
890,1,26.0,30.0,1,1,26.0,29.999970000030004,1,0,0,0,1,0,0,0,1,0,0,0,0,0,0,0,1,0,0,1,0,0,1
891,3,32.0,7.75,1,1,96.0,7.74999225000775,1,1,0,0,1,0,0,0,0,0,0,0,0,0,1,0,0,0,0,1,0,0,0
